업체명,공장사업장주소,위도,경도
천일산업(주),전라남도 영암군 삼호읍 용앙로 492 ,34.75739,126.418389
대성아스콘(주),전라남도 장흥군 장동면 흥성로 1442 ,34.742395,126.990367
(주)대산아레콘,전라남도 영암군 삼호읍 나불로 373 ,34.758501,126.42225
도진아스콘(주),전라남도 장성군 황룡면 강변로 404 ,35.280389,126.764577
(유)도로산업,전라남도 영광군 군서면 백수로 17길 9-1,35.28197,126.478158
(주)쌍우아스콘,전라남도 함평군 함평읍 함영로 1685-46 ,35.113212,126.488186
한남유화(주),전라남도 보성군 득량면 도촌길 160-23 ,34.735341,127.146992
한중맥스팔트(주),전라남도 영암군 삼호읍 나불로3길 56 ,34.757335,126.420666
(주)신아에이치에스,전라남도 화순군 춘양면 가봉리 산40 ,34.935289,126.948175
서남아스콘(주),전라남도 장흥군 장흥읍 장흥대로 3046-130 ,34.649182,126.896153
(주)케이에스 영암지점,전라남도 영암군 삼호읍 나불로3길 8 ,34.758334,126.421055
(주)성암아스콘,전라남도 장성군 동화면 본동로 1033-23 ,35.233255,126.70786
(주)혜성 영광지점,전라남도 영광군 묘량면 밀재로 831-61 ,35.202924,126.576788
(주)도원,전라남도 함평군 해보면 해보월현길 114-66 ,35.170039,126.568456
대양아스콘(주),전라남도 여수시 여수산단로 569 (중흥동) ,34.829999,127.68375
청호개발(주),전라남도 영암군 삼호읍 나불로3길 39 ,34.756279,126.420777
한국아레콘(주),전라남도 영암군 삼호읍 용앙로 466 ,34.755363,126.419528
남부산업(주),전라남도 해남군 마산면 명량로 2799 ,34.587382,126.560405
(주)호남아스콘산업,전라남도 무안군 현경면 현해로 652-30 ,35.057384,126.370474
청해개발(주),전라남도 완도군 완도읍 청해진서로 1037-244 ,34.319468,126.674425
지본산업(주),전라남도 영암군 학산면 녹색로 2632 ,34.69962,126.630676
(주)바나,전라남도 여수시 여수산단로 203  ,34.802586,127.663502
장성아스콘(주),전라남도 장성군 북하면 단풍로 1048-90 ,35.363546,126.867901
(주)토당,전라남도 순천시 별량면 마산길 37 ,34.856301,127.445437
대신기업(주),전라남도 진도군 진도읍 쉬미항로 322-129 ,34.48542,126.216353
(주)한중토건,전라남도 무안군 청계면 청운로 233-1 ,34.936926,126.411138
(주)대도건설,전라남도 순천시 별량면 금치길 126 ,34.847052,127.383415
제석아스콘(주),전라남도 보성군 벌교읍 남하로 161 ,34.829442,127.358445
금성산업(주),전라남도 장성군 동화면 구봉길 20972 ,35.234588,126.712304
㈜에이알,전북특별자치도 장수군 장계면 육십령로 735-33 ,35.729343,127.64894
(주)반석레미콘 아스콘지점,전북특별자치도 진안군 용담면 안용로 1196 ,35.980536,127.516255
OK아스콘(유),전북특별자치도 진안군 진안읍 반월리 1175 ,35.766088,127.437181
(주)승일아스콘,전북특별자치도 익산시 왕궁면 무왕로 125492 ,35.919734,126.912809
(유)익산아스콘,전북특별자치도 익산시 낭산면 석천리 516-4 ,36.062996,127.043602
(유)서부아스콘,전북특별자치도 익산시 왕궁면 제석사지로 359 ,35.966118,127.082321
(주)덕산,전북특별자치도 익산시 함열읍 미륵사지로 1156 ,36.062162,126.976663
(유)동성아스콘,전북특별자치도 정읍시 소성면 소성로 404-44 ,35.567495,126.80396
현대아스콘(주),제주특별자치도 서귀포시 안덕면 화순서동로 282 ,33.275943,126.334683
한송아스콘,제주특별자치도 서귀포시 안덕면 서광동로 34번길 30103,33.290247,126.332738
삼부아스콘(주),제주특별자치도 제주시 구좌읍 북촌12길 176 ,33.536249,126.707566
(주)낙원산업,제주특별자치도 서귀포시 표선면 세성로 114-26 ,33.318162,126.803948
이도에코한림(주),제주특별자치도 제주시 한림읍 명월남길 73 ,33.36821,126.279493
영진기업(주),제주특별자치도 제주시 조천읍 대와상길 18050 ,33.496837,126.651182
행진산업,제주특별자치도 서귀포시 안덕면 화순리 46040 ,33.256889,126.330017
(주)서일아스콘,제주특별자치도 서귀포시 표선면 돈오름로 130-52 ,33.328939,126.809364
이도에코제주(주),제주특별자치도 제주시 한림읍 명월남길 53 ,33.368377,126.279854
(주)신흥산업,제주특별자치도 제주시 애월읍 중산간서로 1459877 ,33.287136,126.225081
해동아스콘(주),제주특별자치도 서귀포시 안덕면 화순서동로56번길 89 ,33.262861,126.339905
(주)유림테크,충청남도 논산시 부적면 감곡1길 70 ,36.211313,127.170867
석문산업(주),충청남도 당진시 석문면 산단7로4길 67 ,37.010913,126.559942
(주)천성산업개발,충청남도 금산군 진산면 실학로 461 ,36.199843,127.3581
공주의당아스콘(주),충청남도 공주시 의당면 의당전의로 803-35 ,36.545581,127.183335
서전산업(주),충청남도 서산시 팔봉면 서해로 269064 ,36.770328,126.350046
(주) 세창이엔텍,충청남도 천안시 동남구 광덕면 차령고개로 682-11,36.666317,127.14456
(주)선우,충청남도 서산시 해미면 한티1길 75 ,36.681284,126.591748
한서아스콘(주),충청남도 서산시 음암면 장나다리길 48 ,36.749193,126.509171
은진산업(주),충청남도 논산시 은진면 버들길 124 ,36.154431,127.13151
(주)대원인프라,충청남도 논산시 부적면 감곡1길 72 ,36.211091,127.171283
(주)우신아스콘,충청남도 홍성군 구항면 충서로966번길 41-29 ,36.564965,126.652521
(주)대왕,충청남도 아산시 염치읍 아산로 645-50 ,36.826075,126.967852
(주)한솔산업,충청남도 아산시 신창면 학성로 89 ,36.784469,126.916357
한라엔컴(주) 송악사업소,충청남도 당진군 송악면 고대공단2길 385 ,36.97178,126.776284
당진기업(주),충청남도 당진시 고대면 고대로 158 ,36.931144,126.59494
정안레미콘아스콘(주),충청남도 천안시 동남구 광덕면 대평교길 48,36.673288,127.15392
남양아스콘(주),충청남도 공주시 계룡면 왕촌길 473-22 ,36.416151,127.176781
제일아스콘(주),충청남도 청양군 비봉면 록평용당로 575-19 ,36.507611,126.7679
광덕아스콘(주),충청남도 천안시 동남구 광덕면 차령로 4248외 1필지,36.664206,127.135616
(주)인광아스콘,충청남도 당진시 정미면 상구실로 179 ,36.89101,126.588496
대전환경재생산업(주),충청남도 금산군 추부면 금산로 2278 ,36.167681,127.475646
(유)세종아스콘산업,충청남도 공주시 우성면 질마고개길 26-24 ,36.473394,127.0884
(주)도성이엔에이,충청남도 천안시 동남구 광덕면 차령고개로 645-9,36.662956,127.140838
신성아스콘(주),충청남도 서산시 운산면 장생동로 602-20 ,36.808547,126.60894
금성개발(주),충청남도 예산군 덕산면 홍덕서로 505 ,36.630596,126.612524
부여아스콘(유),충청남도 부여군 초촌면 응신길 280 ,36.285471,126.998465
신동아스콘(주),충청남도 천안시 서북구 성거읍 신월소우길 187,36.871432,127.166583
삼강아스콘(주),충청남도 천안시 서북구 입장면 도림길 70,36.917955,127.242465
(주)제일,충청남도 태안군 근흥면 서해로 1257-13 ,36.765301,126.257971
아산아스콘(주),충청남도 아산시 염치읍 신수리길 40 ,36.840074,126.97024
신양산업개발(주),충청북도 청주시 청원구 오창읍 후기길 50-42,36.733311,127.389537
옥천아스콘(주),충청북도 옥천군 이원면 건진2길 49 ,36.251922,127.619771
(주)공단레미콘아스콘,충청북도 청주시 흥덕구 강내면 저산태성로 166,36.570662,127.35382
우진환경개발(주),충청북도 청주시 청원구 북이면 의암로 298,36.759892,127.559188
(합)해룡,충청북도 청주시 서원구 현도면 죽암도원로 119-23,36.528251,127.444229
서일아스콘(주),충청북도 청주시 서원구 남이면 저산척북로 528,36.565552,127.412453
(주)대아산업,충청북도 진천군 문백면 송강로 180 ,36.772584,127.41409
우리도시산업(주),충청북도 청주시 서원구 남이면 저산척북로 576-26,36.565997,127.418647
성광아스콘(주),충청북도 청주시 청원구 북이면 의암로 278-33,36.756476,127.564493
보은아스콘(주),충청북도 보은군 보은읍 둔덕수정로 350 ,36.463732,127.721899
석광아스콘(주),충청북도 청주시 청원구 내수읍 내수2길 43-19,36.718091,127.521748
태창산업(주),충청북도 음성군 감곡면 영산로 462 ,37.09566,127.6409
금성개발(주),충청북도 진천군 문백면 문진로 586 ,36.792165,127.436699
대동산업(주),충청북도 영동군 황간면 영동황간로 998 ,36.193375,127.861639
(주)일양,충청북도 영동군 심천면 난계로 231-105 ,36.216899,127.69432
부경아스콘(주),충청북도 진천군 이월면 진안로 456 ,36.956785,127.394701
옥산아스콘(주),충청북도 청주시 흥덕구 옥산면 국사오산로 589-20,36.676123,127.364956
제일산업(주),충청북도 단양군 매포읍 영천3길 124 ,37.061363,128.313035
(주)아원,충청북도 제천시 의병대로 713 (두학동) ,37.132354,128.274926
정안산업(주),충청북도 충주시 살미면 문강로 202 ,36.901739,127.951902
대한아스콘(주),충청북도 영동군 용산면 남부로 1332 ,36.277782,127.821503
흥진산업(주),충청북도 진천군 진천읍 상신2길 151 ,36.866851,127.464918
대성개발(주),충청북도 청주시 흥덕구 옥산면 국사오산로 468,36.678872,127.353096
(주)한일아스콘,충청북도 제천시 봉양읍 국사봉로 56 ,37.129353,128.102303
(주)창조아스콘,충청북도 음성군 감곡면 영산로 398 ,37.092716,127.646566
(주)대흥아스콘개발,충청북도 충주시 중앙탑면 감노로 2230 ,37.033224,127.838827
(자)효신아스콘,충청북도 단양군 가곡면 고수재로 465 ,37.01348,128.385001
(주)청주아스콘,충청북도 괴산군 청천면 괴산로 1594 ,36.668903,127.714925
대진아스콘(주),충청북도 옥천군 이원면 건진2길 53 ,36.252228,127.621632
충주아스콘(주),충청북도 충주시 하풍1길 36 (풍동) ,36.93979,127.904295
(주)대신아스콘,"충청북도 제천시 송학면 송학주천로 9길 3, A동",37.190653,128.24004
익산건설(주),충청북도 청주시 흥덕구 옥산면 환희2길 50-17,36.678678,127.362846
(주)성안,충청북도 음성군 금왕읍 덕금로 809 ,36.959592,127.580379
서경아스콘(주) 충주지점,충청북도 충주시 앙성면 가곡로 1831 (능암리),37.08094,127.833605
(주)원클린,경기도 이천시 부발읍 부발중앙로 85 ,37.277471,127.491995
(주)건영아스콘,충청남도 부여군 석성면 금백로 166-11 ,36.223755,127.000549
(주)하나에너지,전북특별자치도 군산시 군산산단로 143-48 (비응도동) ,35.9572,126.535814
(주)성지,경상남도 합천군 용주면 합천호수로 947-86 ,35.548005,128.096541
신성아스콘(주),충청북도 청주시 청원구 오창읍 후기길 50-46,36.733366,127.390204
(주)삼성산업,경상남도 통영시 광도면 은황길 386-38 ,34.961267,128.396132
(주)태강,경상남도 함안군 칠서면 함의로 309 ,35.308479,128.478899
호남산업(주) 호남아스콘,전라남도 광양시 장길로 42 (황금동) ,34.919711,127.619005
(주)강동알엔에이(R&A),전라남도 함평군 함평읍 함영로 1685-50 ,35.112739,126.488019
현대환경(주),경기도 여주시 가남읍 대신리길 213 ,37.181149,127.535603
미래개발(주),경상북도 경주시 강동면 강동산단로 103 ,35.954551,129.308098
(주)유한아스콘 경주공장,경상북도 경주시 강동면 강동산단로 31 ,35.957217,129.315625
(주)석준,충청남도 당진시 석문면 산단8로 485 ,37.012107,126.558415
(주)삼원아스콘,경상남도 김해시 주촌면 서부로1541번안길 50-24 ,35.237655,128.810954
경원산업(주),전라남도 영광군 영광읍 군서로 390 ,35.279915,126.482046
(주)대유산업,경상북도 경주시 천북면 신당리 1228-3 ,35.903973,129.243021
(주)시경아스콘,전라남도 여수시 진달래길 36 (중흥동) ,34.837749,127.697804
(주)남평산업,경상남도 거제시 연초면 연하해안로 601-20 ,34.92205,128.614863
(주)우제산업,경상남도 함안군 대산면 평림1길 132-24 ,35.33042,128.450096
(주)케이알아스콘,충청남도 당진시 석문면 산단8로 471 ,37.01219,126.559998
(주)한결아스콘,경기도 화성시 효행구 정남면 서봉로 757,37.143205,126.9581
(주)수경,경상남도 창원시 진해구 남영로574번길 8 ,35.120918,128.782624
(주)대흥환경산업,경상북도 안동시 남선면 충효로 4147-19 ,36.529037,128.74628
(유)협성,전북특별자치도 군산시 외항로 905-11(오식도동)  ,35.95395,126.574255
(주)한마음아스콘,경상북도 고령군 쌍림면 방아실길 73 ,35.693128,128.240361
연산아스콘(주),충청남도 논산시 부적면 감곡1길 38-29 ,36.207036,127.173089
정민종합산업(주),경상북도 봉화군 봉화읍 농업인길 86-105 ,36.899356,128.765524
성원아스콘(주),경상북도 안동시 풍산읍 풍산태사로 1624 ,36.567699,128.620291
하나케이(주),경기도 이천시 대월면 양녕로 57 ,37.17976,127.499578
(주)누보켐검단,인천광역시 서구 도담로 142  ,37.587485,126.615682
(주)호성,경기도 포천시 가산면 가산로267번길 25 ,37.844209,127.177906
(주)부영개발,부산광역시 사하구 보덕포1길 56 (장림동) ,35.07248,128.960332
우광산업(주),경상북도 포항시 북구 흥해읍 동해대로 1954번길 23-20,36.149418,129.350092
(주)퀸,강원특별자치도 원주시 문막읍 문막공단길 266 ,37.30122,127.808855
(주)에스비산업,경상남도 창원시 진해구 명제로 26 ,35.112502,128.72013
(주)세움아스콘,전라남도 구례군 간전면 간전농공단지길 46184 ,35.17996,127.537621
(주)윤성산업개발,대구광역시 달성군 하빈면 묘동길 199 ,35.903772,128.415982
청경그린산업(주),경상북도 경주시 외동읍 냉천제내공단길 235 ,35.721188,129.28288
태양산업(주),강원특별자치도 인제군 북면 금강로 332 ,38.146681,128.211087
태인아스콘(주),경기도 포천시 가산면 가산로 267번길 28,37.84482,127.178295
(주)삼보,경상남도 의령군 봉수면 직금로 271-16 ,35.461294,128.308107
(주)세경,경상남도 김해시 진영읍 김해대로 112 ,35.297342,128.708962
현대레미콘아스콘(주),강원특별자치도 태백시 연화산길 382-19(백산동)  ,37.143581,129.031942
선화산업(주),인천광역시 서구 도담3로 10 (오류동) ,37.59018,126.614182
(주)영빈산업,대구광역시 북구 검단공단로 107(검단동)  ,35.913828,128.611548
대성골재(주) 아스콘지점,경상북도 안동시 남선면 농공단지길 32 ,36.532704,128.778416
인성에이앤티(주) 인천공장,인천광역시 서구 도담로 161 (오류동) ,37.588458,126.618376
(주)인우이엔씨 인천공장,인천광역시 서구 도담6로 10  ,37.588152,126.617015
대신피씨티(주),인천광역시 서구 도담3로 5  ,37.590791,126.613654
포항아스콘(주),경상북도 포항시 북구 흥해읍 덕장리 648-7,36.149112,129.332094
현대아스콘(주),경상북도 안동시 남선면 농공단지길 17 ,36.531815,128.77786
(주)누보켐인천,인천광역시 서구 도담4로 28 (오류동) ,37.590318,126.615571
(주)검단아스콘,인천광역시 서구 도담3로 9 (오류동) ,37.59068,126.614238
우리산업(주),경상남도 통영시 광도면 안정로 544 ,34.932298,128.43124
항도산업개발(주),부산광역시 사하구 감천항로 253-6 (구평동) ,35.070814,128.992023
예일아스콘(주),충청남도 예산군 봉산면 봉산로 300-17 ,36.742889,126.683711
서부아스콘(주),인천광역시 서구 도담6로 17 (오류동) ,37.589263,126.616571
(유)도형,전북특별자치도 익산시 황등면 석재길 22 ,35.999308,126.952388
에스지이(주) 경인아스콘지점,인천광역시 서구 도담6로 19(오류동)  ,37.589874,126.616821
강원실업(주),강원특별자치도 강릉시 강동면 동해대로 1869-26 ,37.714487,128.979912
(유)군산아스콘,전북특별자치도 군산시 소룡동 11355  ,35.974282,126.679635
충청환경산업(주),세종특별자치시 부강면 시목부강로 433-20  ,36.504531,127.383873
제일알앤에이(주),강원특별자치도 홍천군 북방면 팔봉산로 2550 ,37.740781,127.824127
(주)청남,경상남도 남해군 고현면 남해대로 491497 ,34.716181,128.042442
삼성콘크리트(주),강원특별자치도 평창군 진부면 하송정길 313-7 ,37.622189,128.551396
(주)대경 함안지점,경상남도 함안군 군북면 방어산로 509 ,35.282953,128.303803
동헌산업(주) 주촌지점,경상남도 김해시 주촌면 서부로 1403번길 48,35.227434,128.816426
명성산업(주),강원특별자치도 삼척시 원덕읍 삼척로 1294 ,37.2391,129.339941
우리도시개발(주),경기도 안성시 원곡면 지문로 410 ,37.070826,127.145945
(주) 지석에이앤씨,경상남도 김해시 진영읍 본산로 70 ,35.310786,128.742237
강원아스콘(주),강원특별자치도 춘천시 동산면 종자리로 515 ,37.762611,127.75766
케이와이PC(주),인천광역시 서구 가람로 25 (오류동) ,37.587819,126.600378
유모아아스콘(주),전라남도 나주시 봉황면 도천로 184-79 ,34.962897,126.822324
에스지이(주),인천광역시 서구 봉수대로 300번길 15 (석남동),37.502523,126.66354
(주)보광산업,경상남도 함안군 칠서면 삼칠로 767 ,35.353807,128.48687
(주)보성산업,경상남도 함안군 대산면 옥렬리 22828 ,35.321227,128.423737
대종아스콘(주),경상북도 경주시 양북면 명주길 38-47 ,35.772322,129.443755
(주) 신진,대구광역시 군위군 효령면 효령공단길 46369 ,36.151273,128.591075
라인리사이클(주),경상북도 안동시 남후면 농공길 57 ,36.501262,128.658094
예산아스콘(주),충청남도 예산군 신암면 용산로 30256 ,36.728724,126.797229
(주)우현레미콘,경상북도 포항시 북구 청하면 고현리 227-3,36.161583,129.340315
(주)한동아스콘,경상북도 경주시 안강읍 두류길 194-22 ,35.970909,129.165666
(주)태산개발,경상북도 고령군 다산면 송곡리 산 102,35.79334,128.389152
(주)공영사,경기도 광주시 초월읍 산수로 311-30 ,37.390485,127.312288
방태산업(주),경기도 광주시 초월읍 산수로 311-32 ,37.391346,127.311982
(주)새재아스콘,경상북도 문경시 신기로 68-25 (신기동) ,36.627244,128.170246
(주)강동아스콘,전라남도 광양시 광양읍 직동2길 15 ,34.964456,127.642475
제이에스개발(주),경상남도 진주시 진성면 진의로 471 ,35.219542,128.199035
(주)삼성산업,강원특별자치도 강릉시 강동면 오이골말길 91 ,37.682074,129.000049
광영아스콘지점,강원특별자치도 영월군 북면 밤재로 381 ,37.263007,128.468741
영종산업(주),울산광역시 울주군 삼동면 삼동로 858-3 ,35.520348,129.164726
거산산업개발(주),경상북도 상주 공성면 산현리 31413 ,36.281645,128.125198
영일물산(주),경기도 용인시 처인구 백암면 백봉로 105,37.15304,127.375562
(주)포항환경건설,경상북도 포항시 북구 흥해읍 덕장길 220,36.148251,129.33251
(주)세양개발,경상북도 칠곡군 석적읍 소학로 92 ,36.036758,128.458005
(주)신풍,경상남도 거제시 사등면 성포로 349-18 ,34.916273,128.538648
(주)경보,경상남도 하동군 고전면 하동읍성로 97-26 ,35.005203,127.811154
(주)에스제이,경상북도 상주시 낙동면 영남제일로 503-15 ,36.385467,128.269074
(주)삼성,경기도 안성시 원곡면 지산길 55-61 ,37.056633,127.131252
서경아스콘(주) 안성지점,경기도 안성시 금광면 금광오산로 139 ,36.991836,127.313264
(주)미래,전라남도 나주시 다도면 다남로 190 ,34.984756,126.849127
금강환경건설(유)임실아스콘,전북특별자치도 임실군 신평면 창인로 245 ,35.656238,127.273057
광진레미콘(주),인천광역시 옹진군 백령면 가을리 29221 ,37.956599,124.658941
(주)태인,전북특별자치도 정읍시 태인면 왕림길 46042 ,35.65943,126.931643
(주)금강,경기도 안성시 원곡면 만세로 865 ,37.060216,127.174553
(주)에스제이 레미콘,경상북도 상주시 화개길 17(화개동)  ,36.417185,128.185664
(주)포이닉스 여주공장,경기도 여주시 흥천면 흥천로 259 ,37.321828,127.554044
(유)청솔아스콘,전북특별자치도 무주군 안성면 진성로 2502-41 ,35.866883,127.64044
(주)완수산업아스콘,전북특별자치도 김제시 용지면 황토로 799 ,35.857824,126.952417
평화아스콘(주),경기도 포천시 천보1길 46040 (동교동) ,37.842403,127.126355
삼원아스콘(주),전라남도 광양시 광양읍 제철로 315-16 ,34.936321,127.607311
신공항아스콘(주),인천광역시 중구 영종해안북로 702번길 115-96 (운서동),37.491135,126.451226
영종아스콘 (주),인천광역시 중구 영종해안북로 970 (운서동) ,37.496328,126.467002
에스와이삼양아스콘(주),경기도 양주시 광적면 부흥로 841-23 ,37.818461,126.988785
이스코인더스트리(유),충청남도 부여군 은산면 지천로 845 ,36.378876,126.833423
(주)제일레미콘 아스콘공장,경상남도 거제시 연초면 오비4길 42 ,34.919606,128.616585
(주)부일레미콘,부산광역시 금정구 수원지로 24 (회동동) ,35.232769,129.121233
(주)영동아스콘산업,강원특별자치도 고성군 토성면 진등길 130-5 ,38.269253,128.535723
(주)성심레미콘,강원특별자치도 양양군 서면 곰밭길 116-39 ,38.063305,128.598192
(주)동녘,경기도 양주시 광적면 화합로 276 ,37.859151,126.966731
(주)우성기업,경상남도 진주시 솔밭로 55 (상평동) ,35.173686,128.106766
(주)세기아스콘,경상북도 김천시 남면 오봉로 22 ,36.088667,128.246884
(주)누보켐김천,경상북도 김천시 봉산면 광천5길 18-23 ,36.203736,128.006154
(주)충무화학,강원특별자치도 정선군 남면 거칠현길 100-41 ,37.31928,128.728939
(주)유강피씨,경상남도 창원시 마산합포구 진북면 망곡리 46035,35.143941,128.485706
(주)다성,경기도 이천시 백사면 이여로428번길 43-40 ,37.329548,127.485023
대화아스콘(주),대전광역시 대덕구 대화로52번길 199  ,36.376296,127.409816
(주)대광아스콘,경기도 여주시 가남읍 여주남로 761 ,37.233477,127.575321
(주)금강아스콘,강원특별자치도 고성군 토성면 성천리 307-3 ,38.219453,128.529891
(유)창명산업,전북특별자치도 부안군 보안면 종유로 140-96 ,35.648736,126.684637
옥천아스콘(유),전북특별자치도 순창군 순창읍 복실리 753-7 ,35.401071,127.14021
우리아스콘(주),경상북도 영천시 고경면 산수골길 49 ,35.994933,129.092366
한석아스콘(주),경기도 안성시 양성면 남북대로 1936 ,37.085769,127.212966
(주)금산씨알에이,전북특별자치도 김제시 금산면 금평로 281-177 ,35.725645,126.987359
경서아스콘(주),세종특별자치시 부강면 시목부강로 608  ,36.518946,127.379512
(주)동아레미콘,경상남도 함안군 칠원읍 무기로 103 ,35.29523,128.543866
대덕아스콘환경(주),대전광역시 대덕구 대화로 32번길 303(대화동) ,36.375352,127.407761
성원레미콘아스콘(주),강원특별자치도 영월군 한반도면 고촌길 32-17 ,37.17846,128.330365
(유)양지아스콘,전북특별자치도 군산시 임해로 269 (소룡동) ,35.978226,126.642443
(합)용두산업,강원특별자치도 고성군 거진읍 봉정로 213-16 ,38.449426,128.42823
(주)진보아스콘,경상남도 양산시 소주공단2길 78 (주남동) ,35.420887,129.152367
(주)부일산업,제주특별자치도 제주시 구좌읍 월행남길 111 ,33.542193,126.789281
(주)지석산업,경상남도 양산시 소주공단2길 78  ,35.420887,129.152367
동서에너지(주),인천광역시 옹진군 백령면 백령남로 135 ,37.959738,124.712603
(유)서원아스콘,전북특별자치도 군산시 산단로 133-17 (소룡동) ,35.958811,126.580144
(주)금천건설,전북특별자치도 고창군 신림면 왕림로 408 ,35.486476,126.72544
금강레미콘(주),강원특별자치도 강릉시 구정면 범일로 8 ,37.709876,128.915446
(주)필승아스콘,충청북도 보은군 수한면 장선소계로 376 ,36.452456,127.677014
(주)신동,경상남도 사천시 사남면 사남로 886-11 ,35.053005,128.095962
(주)동영아스콘,경상북도 경주시 건천읍 단석로 1631-327 ,35.828535,129.058038
(주)청하아스콘,경상북도 청도군 청도읍 새마을로 403 ,35.585755,128.770593
대림아스콘(주),경기도 용인시 처인구 남사읍 원암로 287,37.088658,127.178164
금강아스콘(주),경상북도 봉화군 봉성면 금봉리 710-5 ,36.900551,128.775607
난지아스콘(주),강원특별자치도 춘천시 동산면 종자리로 418 ,37.75739,127.752494
(주)창성,경상북도 울진군 기성면 기성로 860 ,36.812094,129.442243
하나아스콘(주) 화성사업소,경기도 화성시 양감면 정문송산로 65 ,37.098155,126.983598
(주)협신,경기도 가평군 상면 물골길 84-50 ,37.836211,127.318449
우정건설(주),경상북도 포항시 북구 홍해읍 동해대로 1954번길 01-23,36.146029,129.349009
(주)인천테크,인천광역시 서구 봉수대로 290(석남동)  ,37.501496,126.662373
(주)청광,경기도 용인시 처인구 모현면 백옥대로 103366,37.141207,127.195412
삼덕유화(주),인천광역시 서구 도담로 109  ,37.589263,126.61396
경안아스콘(주),경상북도 경주시 안강읍 강교리 1272 ,35.96877,129.121531
(주)에이치씨보광아스콘,경상북도 고령군 성산면 성암로 86-43 ,35.763288,128.381098
(주)경북환경,경상북도 예천군 호명읍 양궁로 682-9 ,36.61472,128.507661
(주)인천아스콘,인천광역시 서구 건지로153번길 25-13 (석남동) ,37.501079,126.656318
(주)대광아스콘,경상북도 청송군 진보면 월전리 227 ,36.538455,129.072445
삼성아스콘,제주특별자치도 서귀포시 대정읍 평화로89번길 169 ,33.270832,126.29102
주흘산업개발,경상북도 문경시 마성면 은성로 1412 ,36.675877,128.103724
경산산업(주),경상북도 경산시 남천면 조자길 85 ,35.767957,128.736539
태광아스콘(주),강원특별자치도 삼척시 근덕면 삼척로 3069-88 ,37.330255,129.248671
(주)대원아스콘,경기도 파주시 광탄면 부흥로 169번길 160,37.807961,126.873434
중앙아스콘(주),대전광역시 중구 단재로 378-47(어남동)  ,36.219508,127.414484
(주)와이앤피알에이,경상북도 영덕군 축산면 고경길 121 ,36.475743,129.419416
일진기업(주),경기도 양평군 양서면 경강로 1215 ,37.517443,127.420082
방태산업개발(주),강원특별자치도 화천군 하남면 춘화로 3174-13 ,38.085629,127.69394
(주)동아에이앤씨,경상북도 포항시 남구 섬안로46번길 26 (괴동동),35.998102,129.370592
(주)영진레미콘,경상북도 포항시 북구 청하면 동해대로 2534-90,36.191274,129.358341
(유)호경 완주지점,전북특별자치도 완주군 봉동읍 봉동로 810-74 ,35.980811,127.128984
남양아스콘(자),세종특별자치시 부강면 부강행산로 165  ,36.543971,127.364152
(주)태경아스콘,경기도 안성시 서운면 사갑 1길 296-133,36.9189,127.242354
인평산업(주),충청남도 태안군 남면 안면대로 1695-1 ,36.609624,126.318106
(주)대성아스콘,경기도 양주시 광적면 화합로 270-17 ,37.858401,126.966286
남부산업(주),경기도 화성시 향남읍 서봉로 714 ,37.138706,126.956572
(주)송촌아이앤디,전라남도 나주시 문평면 명하길 80-38 ,35.081632,126.60562
(주)삼광아스콘,경기도 여주시 강천면 강천로 4 ,37.26378,127.716253
(주)대덕산업,전라남도 담양군 대덕면 금산길 406 ,35.265614,127.048136
(주)대영건업,"경상남도 함안군 군북면 방어산로 509, 101호",35.282953,128.303803
정암레미콘(주),경상남도 고성군 하이면 삼상로 892 ,34.981096,128.138904
(주)찬우레미콘,경상남도 김해시 한림면 한림로 343번길 47-42,35.316591,128.795955
세일건업(주),경상북도 성주군 용암면 용정리 366 ,35.825003,128.332546
(주)신흥,전북특별자치도 남원시 보절면 진기리 1148-2 ,35.504422,127.407963
(주)동신아스콘,경상북도 영주시 장수면 용주로 551 ,36.787756,128.529296
종진아스콘(주),충청북도 괴산군 청안면 질마로 1145-40 ,36.728924,127.717369
세창아스콘(주),제주특별자치도 제주시 애월읍 소길리 160-10번지 ,33.417789,126.384705
(주)신동양,전라남도 고흥군 점암면 해창로 474 ,34.639075,127.379556
(주)신우아스콘,전라남도 고흥군 두원면 고흥로 2212 ,34.641518,127.304618
(주)아스콘플러스,경기도 파주시 월롱면 누현길 37 ,37.787352,126.790275
태창산업(주),경기도 여주시 북내면 외재로 172 ,37.357741,127.658035
안성산업(주),경기도 안성시 보개면 보삼로 39 ,37.104823,127.317068
하나아스콘(주),경기도 용인시 처인구 이동읍 백자로 77,37.216171,127.173468
(유)삼성환경건설,전북특별자치도 부안군 종유로 140-64  ,35.650374,126.68222
청산아스콘(주),경기도 연천군 청산면 청창로 100 ,38.007106,127.075136
충남아스콘(주),충청남도 부여군 석성면 금백로 657-56 ,36.260279,127.000826
윤성아스콘,대구광역시 달서구 문화회관8길 21 (장동) ,35.839753,128.52314
장장아스콘산업(주),부산광역시 사상구 낙동대로 671(엄궁동)  ,35.122808,128.964303
충경산업(주),충청남도 보령시 청라면 넙티로 611 ,36.43909,126.644801
(주)대한,경상남도 함안군 대산면 대부로 332 ,35.362167,128.460206
금제산업(주),전북특별자치도 남원시 덕과면 덕오로 478 ,35.524975,127.338997
(합)현대산업,강원특별자치도 동해시 대동로 161-4  ,37.486125,129.123096
화신아스콘(주),충청남도 아산시 영인면 아산호로 376 ,36.894234,126.956074
(주)보광아스콘,경상남도 합천군 율곡면 대야로 1669 ,35.624691,128.200698
(주)경일산업,제주특별자치도 서귀포시 남원읍 남조로 871-43 ,33.353241,126.694179
신흥아스콘(주),경기도 파주시 중앙로 60-45 (금릉동) ,37.752495,126.796053
(주)삼보아스콘,경상북도 의성군 비안면 서부로 1076 ,36.344445,128.472973
(주)한국아스콘,경상북도 예천군 예천읍 경서로 166491 ,36.611497,128.273154
(주)원주엔지니어링,강원특별자치도 원주시 우두산길 77 (우산동) ,37.37974,127.934426
제일산업(주),강원특별자치도 홍천군 홍천읍 설악로 1238 ,37.664623,127.847292
한밭산업(주),인천광역시 서구 가정로 37번길 5 (가좌동),37.487386,126.670706
(주)일아아스콘,충청남도 서천군 종천면 충서로 513-90 ,36.109072,126.63036
(유)두이아스콘,전라남도 무안군 청계면 강정길 67-22 ,34.934953,126.401222
(주)금강아스콘,경상남도 양산시 유산공단10길 60-27 (유산동) ,35.367587,129.024379
대산아스콘(주),강원특별자치도 철원군 갈말읍 문혜리 1225-3 ,38.163812,127.313891
(주)태창,경기도 파주시 월롱면 영태리 14-12번지 ,37.776159,126.809302
태형기업(주),경기도 양주시 남면 삼일로 552 ,37.864539,126.993423
경기아스콘산업(주),경기도 포천시 화현면 영일로 368번길 143,37.936504,127.249232
(주)홍성,경상남도 산청군 신안면 지리산대로 3739 ,35.318474,127.991803
(주)보창아스콘,충청남도 보령시 웅천읍 충서로 1389-36 ,36.271609,126.587668
(주)서경,경상남도 진주시 진성면 진의로 471-83 ,35.217765,128.194841
강원아스콘산업(주),인천광역시 미추홀구 노적산로 11 (학익동) ,37.443086,126.651486
(주)에이치씨부광아스콘,경상북도 고령군 개진면 우곡로 1334 ,35.709794,128.326159
(주)현대아스콘,경기도 양주시 남면 화합로 610번길 46077,37.870372,126.997839
(주)에스에이치산하인더스트리,경기도 남양주시 와부읍 수레로 733 ,37.622291,127.278038
태형기업(주),경기도 화성시 정남면 서봉로 755번길 19,37.144344,126.955544
(주)신성아스콘,경기도 화성시 팔탄면 구장리 513-5 ,37.160314,126.899021
그린아스콘,경상북도 구미시 옥성면 산촌옥관로 8 ,36.304587,128.21744
(주)삼광아스콘,경상남도 김해시 생림면 나전리 1090-4 ,35.294927,128.873504
세아아스콘(주),경상북도 김천시 구성면 남김천대로 3068 ,36.069696,128.085926
(주)우석산업,세종특별자치시 부강면 연청로 1147-26  ,36.532,127.401871
(주)만아 동북공장,경기도 포천시 내촌면 금강로 2768-68 ,37.810436,127.259371
신동산업(주),강원특별자치도 영월군 영월읍 영월로 3315-17 ,37.194405,128.573649
(주)대평산업개발,경상북도 구미시 산동읍 성림길 26 ,36.160299,128.418952
(주)거진아스콘,경상남도 김해시 분성로569번길 34 (어방동) ,35.238934,128.908251
삼광레미콘아스콘(주),강원특별자치도 홍천군 홍천읍 옥류동길 123-27 ,37.635905,127.896538
우성산업개발(주),경상북도 예천군 감천면 충효로 934 ,36.694517,128.492273
효원아스콘(주),울산광역시 북구 대안1길 125(대안동)  ,35.644781,129.428619
금용산업개발(유),전북특별자치도 남원시 이백면 황산로 309-34 ,35.457372,127.470014
(주)태안 에이.씨.엔,경상남도 김해시 상동면 동북로437번길 46200 ,35.312148,128.968134
덕화실업(주),울산광역시 울주군 언양읍 언동3길 46070 ,35.598728,129.138644
(주)에스티,강원특별자치도 횡성군 횡성읍 한우로 696 ,37.492617,128.026
대신아스콘(주),강원특별자치도 동해시 대동로 161-7  ,37.486098,129.121069
(주)통영산업,경상남도 통영시 광도면 안정로 563 ,34.932965,128.429573
금강아스콘(주),경상남도 산청군 생비량면 진산로 97491 ,35.336751,128.086044
(주)삼호산업,전라남도 해남군 산이면 산이로 1985 ,34.695341,126.40939
한성아스콘(주) 경산공장,경상북도 경산시 진량읍 일연로 587 ,35.861308,128.803865
(주)동남,경상남도 김해시 주촌면 서부로1701번안길 58-93 ,35.245488,128.839952
(유)대연산업,전북특별자치도 전주시 덕진구 야전1길 71 (팔복동4가),35.867019,127.105431
세영개발(주),전북특별자치도 고창군 성송면 운선암길 48-69 ,35.368517,126.659363
세종아스콘(주),충청남도 금산군 추부면 서대산로 493-51 ,36.227036,127.495505
제일산업개발(주),인천광역시 서구 당하동 724  ,37.583375,126.695897
태양산업(주),전북특별자치도 완주군 비봉면 천호로 285 ,35.978895,127.156009
(주)드림아스콘,경기도 부천시 오정구 오정로 12(삼정동) ,37.525105,126.761419
(주)신도아스콘,전라남도 여수시 여수산단로 1232 (월내동) ,34.85147,127.733135
(주)일양,강원특별자치도 양양군 서면 들돌길 106 ,38.077886,128.580582
울진아스콘(주),경상북도 울진군 울진읍 읍남리 887-2 ,36.986657,129.380663
(주)일우피피씨,강원특별자치도 철원군 갈말읍 숙소골길 46045 ,38.183671,127.35522
삼정산업(주),강원특별자치도 강릉시 연곡면 송림지리쇠길 13 ,37.85447,128.821869
(주)삼성,경상북도 포항시 남구 동해면 일월로278번길 74,35.983826,129.469
(주)우일레미콘,강원특별자치도 강릉시 사천면 뒷말길 118-71 ,37.84086,128.854755
(유)중산현대,전북특별자치도 김제시 금구면 금백로 428 ,35.812191,126.998247
(주)동성아스콘,경상남도 통영시 광도면 덕포리 380 ,34.920744,128.422491
동신아스콘(주),경상남도 함안군 칠서면 삼칠로 715-1 ,35.35003,128.48812
항도아스콘(주),부산광역시 사하구 을숙도대로 569 (신평동) ,35.085784,128.968081
(유)대승산업,전북특별자치도 고창군 흥덕면 사천길 40 ,35.504669,126.695192
(주)대영아스콘,경상남도 창녕군 대지면 미산길 46107 ,35.565366,128.477452
노령산업(주),전북특별자치도 정읍시 입암면 정읍남로 457 ,35.500892,126.792489
(주)서부아스콘,전북특별자치도 완주군 이서면 콩쥐팥쥐로 999 ,35.821329,127.00919
(합)신영아스콘,경상북도 예천군 예천읍 양궁로 378-25 ,36.624886,128.482136
삼백레미콘(주),경상북도 상주시 외서면 귀호길 28 ,36.476123,128.169026
대아아스콘(주),경상북도 영천시 고경면 산수골길 18 ,35.994906,129.088978
(주)동남아스콘,전라남도 강진군 칠량면 청자로 744 ,34.582078,126.795663
조국아스콘(주),강원특별자치도 철원군 갈말읍 호국로 4430-17 ,38.119595,127.29667
(유)성경,전북특별자치도 김제시 공덕면 유강로 101 ,35.869017,126.919309
(주)제일기업,충청남도 홍성군 홍북읍 충서로 2524 ,36.643817,126.750401
(주)대우레미콘,강원특별자치도 태백시 동태백로 289-32  ,37.105752,129.043275
동성개발(주),경상북도 안동시 남후면 숨실길 59 ,36.525287,128.66587
(합)고려아스콘,경상북도 영주시 구성로88번길 10-19(휴천동)  ,36.801894,128.632704
(주)대명아스콘,강원특별자치도 양구군 국토정중앙면 관대두무로 1850 ,38.08702,128.060546
대주아스콘(주),충청남도 서천군 기산면 장산로 1671 ,36.064245,126.787124
화암아스콘(주),강원특별자치도 인제군 인제읍 광치령로 141-101 ,38.104908,128.186784
(주)지석,경상남도 김해시 진영읍 본산로86번길 22 ,35.311647,128.743848
대성에이엔씨(A&C),경상남도 밀양시 부북면 사포로 23774 ,35.474101,128.75304
다다산업(주),부산광역시 사상구 하신번영로 478 (엄궁동) ,35.122725,128.963942
거목개발(주),대구광역시 군위군 소보면 도군로 1392-12 ,36.26126,128.472946
(유)로드아스텍,전라남도 광양시 광양읍 죽림리 128 ,34.96654,127.642669
(유)대산아스콘,전북특별자치도 군산시 외항안길 300 (소룡동) ,35.970032,126.632944
금산공영(합),충청남도 금산군 복수면 다복로 123 ,36.164487,127.411568
(주)대주아스콘,울산광역시 울주군 온산읍 화산3길 38 ,35.427554,129.335268
(주)우일알앤에이,강원특별자치도 평창군 진부면 하송정길 30437 ,37.597108,128.560118
동서아스콘(주),강원특별자치도 춘천시 신동면 김유정로 805 ,37.775943,127.713914
대전아스콘(주),대전광역시 대덕구 대화로 32번길 279 (대화동),36.375768,127.408789
(주)대창기업,경상북도 봉화군 법전면 갈산로 1972 ,36.91244,128.973922
삼광기업(주),강원특별자치도 홍천군 북방면 송학정로 34-29 ,37.682649,127.862374
(유)디에스아스콘,전북특별자치도 부안군 동진면 고마제윗길 75 ,35.740753,126.746103
(주)보원산업,전라남도 곡성군 목사동면 강변로 361 ,35.130075,127.285894
명광아스콘(주),경상북도 경산시 진량읍 북리1길 81 ,35.889527,128.827474
부일산업개발(주),경상남도 양산시 신덕계1길 24 (덕계동) ,35.378031,129.161839
공주아스콘(주),세종특별자치시 장군면 산학리길 228-22  ,36.481172,127.232081
(주)우성,강원특별자치도 강릉시 강동면 오이동길 104 ,37.680936,129.018631
(주)금호산업,전라남도 해남군 화산면 해남화산로 829 ,34.507474,126.528242
삼호건설(주)아스콘춘천지점,강원특별자치도 춘천시 신동면 김유정로 701-13 ,37.767444,127.713386
(주)대풍산업,경상남도 창원시 마산합포구 진북면 연동로 119,35.140053,128.492872
대성아스콘(주),세종특별자치시 장군면 평기리 10  ,36.533221,127.203417
(주)새한레미콘 아스콘공장,경상남도 거제시 연초면 오비4길 52 ,34.919495,128.61503
부강산업(주),강원특별자치도 원주시 귀래면 북원로 491-11 ,37.204288,127.888821
(주)삼성아스콘,경상남도 함안군 대산면 송산로 621-2 ,35.321644,128.449846
경부아스콘(주),충청남도 보령시 청소면 야현정전길 18 ,36.429785,126.590889
(주)진양기업,강원특별자치도 춘천시 남산면 둔일길 18019 ,37.775915,127.643365
(주)강화아스콘 간현공장,강원특별자치도 원주시 지정면 간현리 949-2 ,37.359214,127.837491
양지산업(주),경상남도 산청군 신안면 지리산대로 3600 ,35.309781,127.98247
(주)삼양,강원특별자치도 태백시 백산동 140-5  ,37.14222,129.03447
성산건설산업(주),전라남도 광양시 광양읍 직동2길 36 ,34.962707,127.64228
(주)대원환경산업,전라남도 강진군 작천면 갈동리 1018 ,34.721257,126.740333
경서산업(주),전라남도 영암군 학산면 녹색로 3026 ,34.697898,126.670839
(주)수성,대구광역시 달서구 성서동로 271 (장동) ,35.845141,128.515252
(주)황원레미콘아스콘산업,강원특별자치도 고성군 토성면 용원로 547-14 ,38.21537,128.525002
(합)화선산업,강원특별자치도 양양군 강현면 장산리 629 ,38.145268,128.594997
(주)백산아스콘,대구광역시 수성구 욱수동 46330  ,35.829255,128.707568
(주)두리로드,전북특별자치도 무주군 무주읍 원용포길 15707 ,35.991285,127.627495
대영아스콘산업(주),울산광역시 울주군 범서읍 두동로 609-1 ,35.617477,129.22622
(주)경풍,경상남도 진주시 문산읍 동부로839번길 77 ,35.172742,128.196397
진산아스콘(주),경상남도 고성군 상리면 상정대로 1213 ,34.993401,128.216814
케이엠산업(주),경상남도 하동군 진교면 달구지길 95-47 ,35.00237,127.894119
(주)대경아스콘,대구광역시 달서구 성서동로 289 (장기동) ,35.846668,128.515168
(유)아미산업,전북특별자치도 군산시 나포면 철새로 374 ,36.025193,126.790624
괴산아스콘(주),충청북도 괴산군 감물면 백양리 541-3 ,36.8538,127.875743
동화산업(주),충청남도 당진시 합덕읍 면천로 1361-22 ,36.810048,126.737261
(주)영진개발 경산공장,경상북도 경산시 남천면 남천로 421-30 ,35.76279,128.727428
(주)동해산업아스콘프랜트,강원특별자치도 양양군 강현면 동해대로 3193-19 ,38.123854,128.618551
(유)새만금산업,전북특별자치도 부안군 동진면 석정로 36 ,35.742475,126.732382
남경중공업(주),전라남도 화순군 동면 충의로 970-34 ,35.031168,127.056664
(주)거산아스콘,전북특별자치도 남원시 보절면 보산로 439-69 ,35.466149,127.401436
(주)삼남,충청남도 서천군 판교면 대백제로 2220 ,36.180731,126.695437
(주)창주산업,전라남도 나주시 남평읍 나주호로 738-32 ,34.984034,126.887068
대하산업(주),경상남도 하동군 금남면 섬진강대로 863-10 ,34.994093,127.818487
(주)대화,전라남도 순천시 서면 곰배미길 69 ,34.984037,127.549483
(주)동림아스콘앤레미콘,충청남도 공주시 이인면 숭선군로 648 ,36.425788,127.072874
(주)신라아스콘,전라남도 장성군 동화면 본동로 1033-21 ,35.232644,126.707416
(주)삼덕아스콘,전북특별자치도 군산시 성산면 왕골로 277 ,36.00539,126.818205
(주)화순아스콘,전라남도 화순군 춘양면 개천로 571 ,34.934762,126.953313
(주)영동아스콘,강원특별자치도 강릉시 강변로604번길 11-12(입암동)  ,37.767758,128.92761
대림공영(주),대전광역시 중구 단재로 349(어남동)  ,36.223702,127.416067
(주)공단레미콘,대전광역시 대덕구 대화로52번길 196  ,36.376074,127.410566
(주)동주아스콘,경상남도 함양군 수동면 거함대로 561 ,35.538449,127.78093
우광아스콘(주),강원특별자치도 삼척시 근덕면 삼척로 3069-126 ,37.328283,129.249198
농산아스콘(주),충청남도 홍성군 갈산면 가곡리 185-16 ,36.63229,126.576166
동양아스콘(주),경상북도 의성군 의성읍 경북대로 5758 ,36.354501,128.685037
경일산업(주),경상북도 의성군 사곡면 의성사곡로 494 ,36.332949,128.756892
충남이엔씨(주),충청남도 아산시 배방읍 고불로365번길 94 ,36.729531,127.041846
경동아스콘(주),부산광역시 사하구 다대로1066번길 54(장림동)  ,35.07823,128.956999
영남산업(주),경상북도 경주시 건천읍 단석로 1631-325 ,35.829091,129.057593
(유)문광산업개발,전북특별자치도 익산시 낭산면 남천로 533 ,36.060746,127.045074
고성아스콘(주),경상남도 고성군 거류면 용산리 19756 ,34.969155,128.356218
(주)해솔아스콘,전라남도 나주시 문평면 명하길 80-39 ,35.081299,126.606537
(주)대지,경상북도 문경시 산양면 금천강변길 150 ,36.628578,128.253933
영진산업(주) 영양지점,경상북도 영양군 입암면 양항길 28 ,36.599754,129.090415
(주)대영아스콘,강원특별자치도 정선군 임계면 봉산리 444-2 ,37.474652,128.848927
삼양진흥(주),강원특별자치도 평창군 용평면 뒷골길 3 ,37.631576,128.487263
(주)삼보,전북특별자치도 완주군 구이면 계안로 395 ,35.680595,127.092323
우리아스콘(주),경기도 화성시 팔탄면 현대기아로 556번길 111,37.19681,126.862802
(주)창운,전라남도 나주시 남평읍 지석로 474 ,35.011142,126.849599
주안아스콘(주),충청남도 금산군 진산면 실학로 463 ,36.199649,127.358545
중앙산업(주),경상남도 거창군 위천면 빼재로 540 ,35.746564,127.85756
당서아스콘(주),충청남도 당진시 면천면 면천로 183 ,36.833739,126.621605
(주)광명,경상북도 포항시 북구 청하면 동해대로 2092,36.157223,129.34737
(주)삼양레미콘,강원특별자치도 강릉시 강동면 임곡로 102-16 ,37.720264,128.977884
(주)에이치씨보광산업개발,경상북도 칠곡군 가산면 경북대로 1692-12 ,36.097224,128.537025
동서산업(주),강원특별자치도 횡성군 공근면 영서로 160 ,37.529501,127.96295
(주)성보아스콘,경상북도 영덕군 영해면 영덕로 1686-9 ,36.526987,129.408194
(주)한국그린팩토리,경상남도 사천시 곤명면 곤명1로 205 ,35.115386,127.94853
(주)인우아스콘,부산광역시 강서구 과학산단로 186 (지사동) ,35.14336,128.84673
(주)에이치씨보광산업,대구광역시 달성군 논공읍 비슬로 262길 37,35.748318,128.413178
한도아스콘(주),울산광역시 울주군 웅촌면 곡천리 14246 ,35.466049,129.209917
(주)수강에스디,경상남도 사천시 사남면 사남로 886-27 ,35.051977,128.097351
(주)한덕산업,세종특별자치시 전동면 신송로 7  ,36.654707,127.216525
(주)일석,전라남도 함평군 해보면 해보월현길 114-66 ,35.170039,126.568456
(주)대창아스콘,경상북도 영주시 구성로88번길 86  ,36.805422,128.634065
세아산업(주)약목,경상북도 칠곡군 약목면 경호천동길 14 ,36.047061,128.348209
(주)동국아스콘,경상북도 청송군 청송읍 청송로 4721-14 ,36.406359,129.064364
효창산업(주),경상북도 영천시 금호읍 원제리 34759 ,35.941355,128.897801
(주)토석산업,전라남도 영암군 미암면 흑석로 1202 ,34.667623,126.558544
(주)석진산업,충청북도 음성군 음성읍 새말길 46209 ,36.928707,127.722117
부성산업(주),경상북도 안동시 남선면 추목로 122-30 ,36.519011,128.811969
중앙환경아스콘(유),전북특별자치도 남원시 송동면 물머리로 54-71 ,35.338607,127.306779
(주)성진아스콘,전북특별자치도 정읍시 고부면 영원로 172-64 ,35.593798,126.800405
소원아스콘(주),경기도 양주시 은현면 화합로 969번길 57,37.862206,127.03203
(유)우진산업사,전북특별자치도 완주군 소양면 전진로 860-13 ,35.854632,127.254307
(유)일성건설,전북특별자치도 군산시 외항로 404 (소룡동) ,35.96681,126.625612
(주)삼덕,인천광역시 서구 두루물로 72  ,37.583847,126.628681
(주)대주건영 창원공장,경상남도 창원시 성산구 남면로113번길 25-28 (대원동),35.223128,128.640525
한통아스콘(주),경상남도 김해시 한림면 안곡로 265 ,35.285456,128.850839
산양알앤에이(주),경상남도 창원시 진해구 용원북로 19 ,35.105253,128.815205
(주)찬우아스콘,경상남도 밀양시 산외면 산외강변로 29 ,35.499376,128.790565
새인산업(주),경상남도 양산시 명곡로 217 (신기동) ,35.343978,129.057265
(유)고양산업,전북특별자치도 전주시 덕진구 감수길 10-42 (팔복동4가),35.866769,127.102876
동일산업(주),전라남도 담양군 금성면 금성산성길 71 ,35.354243,127.028025
삼덕산업(주) 광주공장,경기도 광주시 오포읍 오포로 730 ,37.358182,127.222185
