업체명,주소,위도,경도
현대아산(주)개성지사,황해북도 개성시 청담동 현대아산 홍룬산부지 내,,
주식회사 임계레미콘,강원특별자치도 정선군 임계면 햇골길 58(주식회사임계레미콘),37.442267,128.863731
동송산업(주),강원도 철원군 갈말읍 도창로 167,38.248663,127.353303
주식회사 맥산콘크리트,강원특별자치도 양양군 손양면 동해대로 1992,38.040503,128.672602
주식회사 미르레미콘,강원특별자치도 삼척시 원덕읍 삼척로 567(영광레미콘),37.185161,129.326971
(주)고성레미콘,강원도 고성군 간성읍 탑동길 167-2,38.36663,128.4677
(주)동양/건재부문 속초공장,강원도 속초시 원암학사평길 77(노학동),38.207121,128.517698
주식회사 태웅콘크리트,강원도 강릉시 강동면 임곡로 344,37.705655,128.990689
동강레미콘 주식회사,강원도 영월군 북면 성황동길 14,37.276728,128.422606
주식회사 맥산레미콘,강원도 양양군 서면 들돌길 451,38.093162,128.555807
주식회사 정중앙산업,강원도 양구군 동면 금강산로956번길 206,38.169649,128.029603
(유한)용두레미콘산업,강원도 고성군 봉정로 213-16,38.449426,128.42823
보성산업(주),강원도 홍천군 영귀미면 금계로 2423,37.665652,128.036747
성원레미콘아스콘 주식회사,강원도 영월군 한반도면    고촌길 32-17,37.17846,128.330365
(주)대영레미콘,강원도 강릉시 사천면 송암골길 189,37.796865,128.830341
(주)한솔레미콘,강원도 고성군 토성면 용원로 676,38.211037,128.510476
우영레미콘(주),강원도 양양군 강현면 장산5길 52-46,38.140407,128.586275
우정레미콘 주식회사,강원도 강릉시 강동면 동해대로 1907,37.718098,128.976523
명성알엔에이(주),강원도 원주시 소초면 운곡로 310,37.36127,128.007559
(주)원주엔지니어링,강원도 원주시 우두산길 77(우산동),37.37974,127.934426
(주)우일레미콘,강원도 강릉시 사천면 뒷말길 118-71,37.84086,128.854755
주식회사 동명레미콘,강원도 동해시 동해대로 4468-7(추암동),37.469378,129.1524
(주)성창,강원도 삼척시 도경길 69(도경동),37.438992,129.118153
대신산업(주),강원도 동해시 대동로 161-7(송정동),37.486098,129.121069
(주)덕영레미콘,강원도 원주시 귀래면 북원로 491-11,37.204288,127.888821
화원산업(주),강원도 영월군 중동면 태백산로 225-14,37.179379,128.62995
(주)강원레미콘,강원도 양구군 동면 금강산로 1454,38.189619,128.02627
(주)기성개발동덕레미콘,강원도 강릉시 연곡면 동해대로 4100-62,37.84972,128.848533
(주)현림레미콘,강원도 평창군 평창읍 서동로 2809,37.366439,128.425688
한성레미콘㈜,강원도 삼척시 근덕면 삼척로 3069-22,37.330922,129.247532
덕원산업(주),강원도 춘천시 남산면 김유정로 491-34,37.756528,127.704748
삼화공영(주),강원도 동해시 쉬눔길 24(추암동),37.468517,129.151483
(주)원일,강원도 원주시 지정면 질마재로 79-3,37.349826,127.875765
(주)동방레미콘,강원도 정선군 남면 약수길 22,37.276174,128.744494
명성종합산업㈜,강원도 삼척시 근덕면 삼척로 3395(명성레미콘),37.358002,129.229505
대명산업㈜,강원도 양구군 양구읍 박수근로353번길 17,38.103796,127.979497
상인산업㈜,강원도 인제군 상남면 아홉사리로 2658,37.830857,128.232006
현대레미콘아스콘 주식회사,강원도 태백시 연화산길 382-19(백산동),37.143581,129.031942
㈜기성현남레미콘,강원도 양양군 현남면 황태골로 122,37.957013,128.754901
㈜삼양기업,강원도 태백시 동태백로 880(백산동),37.142581,129.034331
영월레미콘㈜,강원도 영월군 북면 강구길 10,37.225956,128.42219
(주)영동콘크리트산업,강원도 고성군 토성면 진등길 130-5,38.269253,128.535723
와이비레미콘(주),강원도 고성군 간성읍 금수리 산8-1,38.371324,128.473088
제일알앤에이(주),강원도 홍천군 북방면 팔봉산로 2550,37.740781,127.824127
인제산업(주),강원도 인제군 인제읍 광치령로 253,38.110963,128.178035
(주)금강레미콘,강원도 삼척시 원덕읍 삼척로 917,37.210464,129.337636
금강레미콘(주),강원도 강릉시 구정면 범일로 8,37.709876,128.915446
㈜일양,강원도 양양군 서면 들돌길 106,38.077886,128.580582
삼성산업㈜,강원도 평창군 진부면 하송정길 313-7,37.622189,128.551396
주식회사 우일알앤에이,강원도 평창군 진부면 하송정길 83-5,37.602441,128.556285
중앙콘크리트(주),강원도 원주시 문막읍 작백동길 3,37.298415,127.793912
(합)덕산레미콘,강원도 삼척시 원덕읍 삼척로 1371,37.247543,129.337608
삼척산업(주 ),강원도 삼척시 근덕면 심방금계길 275,37.395998,129.203368
(주)정수,강원도 삼척시 원덕읍 삼척로 9,37.146722,129.348275
(주)양구레미콘,강원도 양구군 양구읍 금강산로 757-26,38.141791,128.007633
(주)황원레미콘아스콘산업,강원도 고성군 토성면 용원로 547-14,38.21537,128.525002
(주)성지콘크리트,강원도 원주시 신림면 역골길 109,37.228842,128.066222
(주)우성,강원도 강릉시 강동면 오이동길 104 (총 5필지),37.680936,129.018631
(주)벽천레미콘산업,강원도 고성군 죽왕면 향목서길 30,38.374796,128.482226
주식회사 평화산업,강원도 철원군 갈말읍 궁예로 766,38.158174,127.321779
삼양진흥(주),강원도 평창군 용평면 뒷골길 3(속사리 692-3),37.631576,128.487263
근덕산업(주),강원도 삼척시 근덕면 미근로 1644,37.374083,129.214812
현진레미콘㈜,강원도 동해시 쉬눔길55(추암동),37.470961,129.151705
강원실업(주),강원도 강릉시 강동면 동해대로 1869-26,37.714487,128.979912
보성레미콘 주식회사,강원도 강릉시 강동면 동해대로 1897,37.717237,128.978134
(주)경포레미콘,강원도 강릉시 구정면 범일로 50-22,37.71307,128.91039
정인레미콘(주),강원도 삼척시 노곡면 미근로 678,37.351947,129.147235
홍천레미콘 주식회사,강원특별자치도 홍천군 북방면 영서로 2848-15,37.716062,127.843125
(주)남영산업개발,강원도 원주시 흥업면 대안로 762,37.286806,127.884404
(주)영동레미콘,강원도 동해시 대동로 161-5(송정동),37.485903,129.121763
명성산업 주식회사,강원도 삼척시 원덕읍 삼척로 1294,37.2391,129.339941
대주레미콘(주),강원특별자치도 강릉시 강동면 임곡로 496,37.698239,128.990689
(주)대림레미콘,강원도 정선군 남면 무릉1로 64,37.248067,128.777575
(주)태일레미콘,강원도 원주시 호저면 원문로 694-31,37.349771,127.893319
(주)금오산업,강원도 평창군 진부면 상월거문로 735,37.640409,128.533647
강원레미콘㈜,강원도 정선군 정선읍 정선로 1045,37.386689,128.635141
(주)성심레미콘,강원도 양양군 서면 곰밭길 116-39,38.063305,128.598192
제일산업주식회사,강원도 홍천군 홍천읍 설악로 1238,37.664623,127.847292
(주)동양/건재부문 삼척공장,강원도 삼척시 삼척항길 13(정상동),37.432577,129.182703
주식회사 성창레미콘,강원도 강릉시 연곡면 진고개로 2411-29,37.852053,128.801037
(주)삼양레미콘,강원특별자치도 강릉시 강동면 임곡로 102-16,37.720264,128.977884
(주)대영산업,강원도 정선군 임계면 백두대간로 1099,37.474152,128.848899
태경산업(주),강원도 평창군 대관령면 경강로 4867-3,37.687099,128.663024
주식회사 철원레미콘산업,강원도 철원군 갈말읍 윗삼성길 59,38.171839,127.317335
동화레미콘주식회사,강원도 횡성군 우천면 경강로 3930,37.490507,128.153239
덕영산업(주),강원도 화천군 하남면 춘화로 3174-21,38.085407,127.694996
주식회사 퀸글로벌,강원도 원주시 흥업면 승안동길 93-17,37.312914,127.890403
(자)광진레미콘,강원도 삼척시 원덕읍 삼척로 1359-15,37.246016,129.335608
강원레미콘(주),강원도 춘천시 동산면 원무동길 51,37.767444,127.77177
(주)대우레미콘,강원도 태백시 솔안길 85(통동),37.160801,129.028137
쌍용레미콘(주)춘천사업소,강원특별자치도 춘천시 영서로 2497(근화동),37.882542,127.710885
삼광레미콘아스콘 주식회사,강원특별자치도 홍천군 홍천읍 옥류동길 123-27,37.635905,127.896538
(자)삼성레미콘,강원도 영월군 북면 강구길 16,37.226344,128.420912
(합자)성창레미콘,강원특별자치도 동해시 추암공단1로 6(추암동),37.468461,129.144178
일진산업(주),강원도 횡성군 공근면 영서로 680,37.570968,127.948312
강화기업(주),강원도 원주시 지정면 지정로 331-26,37.35902,127.836657
신우레미콘(주),강원도 춘천시 동산면 종자리로 515,37.762611,127.75766
(주)부강레미콘,강원도 강릉시 강동면 아래장작골길 47-7,37.719209,128.967302
동서레미콘(주),강원도 춘천시 신동면 김유정로 791,37.774693,127.713081
(주)창조아스콘 원주레미콘공장,강원도 원주시 지정면 질마재로 95,37.350854,127.87321
동서진흥(주),강원도 춘천시 남산면 둔일길 49-5,37.775498,127.63781
동해콘크리트산업(주),강원도 강릉시 강변로 632(입암동),37.768508,128.927638
(주)양양레미콘,강원 양양군 서면  들돌길 449번지(장승리 462-1),38.093496,128.556112
태산레미콘,강원도 인제군 북면 금강로 332,38.146681,128.211087
효성레미콘(주),강원특별자치도 영월군 산솔면 태백산로 147-8 외 1필지,37.187434,128.6262
(주)삼광레미콘,강원특별자치도 홍천군 서석면 구룡령로 3326,37.70651,128.258782
(합)현대산업,강원도 동해시 대동로 161-4,37.486125,129.123096
대안레미콘(주),강원 강릉시 옥계면 산계길 80,37.598556,129.021521
강원산업㈜,강원도 철원군 김화읍 외골길 17-42,38.247997,127.409853
(주)동해산업,강원도 양양군 강현면 동해대로 3193-19,38.123854,128.618551
삼광기업(주),강원특별자치도 홍천군 북방면 송학정로 34-29,37.682649,127.862374
(주)동방레미콘,강원도 원주시 지정면 조엄로 195,37.359631,127.859183
(주)동양레미콘산업,강원도 철원군 갈말읍 숙소골길 23,38.183477,127.358581
(주)동양/건재부문 원주공장,강원도 원주시 흥업면 사제로 281,37.317525,127.895903
합자회사태광레미콘,강원도 삼척시 근덕면 삼척로 3069-88,37.330255,129.248671
(주)광영레미콘,강원도 영월군 남면 영월로 1115-8,37.208541,128.411413
우림레미콘산업㈜,강원도 평창군 대관령면 유천리 39-4,37.679766,128.647831
대성레미콘(주),강원도 인제군 북면 금강로 387,38.150209,128.212365
합자회사 태강콘크리트,강원도 고성군 간성읍 탑동길 167-1,38.36638,128.468117
동해레미콘(주),강원도 동해시 쉬눔길8(추암동),37.467211,129.150511
강호레미콘(주),강원도 삼척시 원덕읍 가곡천로 3048,37.165997,129.332776
(주)횡성레미콘아스콘,강원도 횡성군 우천면 전재로 119,37.444678,128.08544
기륭레미콘(주),강원도 삼척시 도계읍 늑구점리길 166,37.253901,129.043051
(주)삼봉레미콘,강원도 삼척시 미로면 강원남부로 3351,37.376749,129.096322
서진레미콘(주),강원도 원주시 문막읍 문막공단길 268,37.301193,127.807133
한라엔컴(ENCOM)(주)원주사업소,강원도 원주시 행구덕현길 39-15(행구동),37.339828,127.999949
삼화산업(주),강원 삼척시 원덕읍 노곡리 349,37.217602,129.338414
주식회사 서강레미콘,강원 강릉시 강동면 임곡리   임곡로 604-8,37.696406,128.979218
(주)금강레미콘,강원도 고성군 토성면 용원로 470,38.218759,128.530002
㈜삼승레미콘,강원 삼척시 미로면 천기리 25,37.3705,129.103322
유덕레미콘(주),강원도 춘천시 퇴계공단길 49-7(퇴계동),37.845074,127.736717
(주)화천레미콘,강원도 화천군 화천읍 평화로 655-10,38.103961,127.760212
현대레미콘(주),강원도 원주시 문막읍 큰애니길 19,37.325773,127.834102
(주)새성도레미콘,강원특별자치도 태백시 태백로 2034(장성동),37.095058,129.016722
(주)솔향,강원 강릉시 연곡면 조부동길 204,37.847887,128.848283
(주)정선레미콘,강원도 정선군 정선읍 북실싸내길 22,37.385605,128.633669
(주)쌍용산업,강원특별자치도 강릉시 연곡면 조부동길 236,37.845776,128.845284
섬강산업(주),강원도 횡성군 횡성읍 한우로 696,37.492617,128.026
주식회사 중앙,강원 삼척시 근덕면 시목길 57,37.370473,129.199091
(주)유덕산업,강원도 춘천시 남산면 추곡고개길 341,37.767777,127.643282
덕원산업㈜원주공장,강원도 원주시 우산동 400-1,37.379573,127.939731
중앙레미콘(주),강원도 원주시 귀래면 방아실길 65,37.223646,127.850435
동방레미콘㈜,강원도 평창군 봉평면 경강로 438,37.59869,128.310362
유진기업(주)춘천,강원도 춘천시  동산면 영서로915,37.77911,127.76316
(주)대원레미콘,경기도 여주시 가남읍 여주남로 763,37.232866,127.575488
(주)대광아스콘(대광레미콘),경기도 광주시 광남안로431번길 28-34(직동),37.397594,127.190132
정안레미콘 주식회사,경기도 화성시 마도면 송정로97번길 95,37.221112,126.777643
제이에이치기업 주식회사 이천,경기도 이천시 대월면 양녕로 55-53,37.180149,127.502578
태웅레미콘(주),경기도 연천군 전곡읍 양연로 747,37.971888,127.00742
성진도시개발 주식회사,경기도 화성시 남양읍 현대기아로 466-7,37.192116,126.847081
(주)정선,경기도 의정부시 동일로 69(장암동),37.695226,127.054058
한라엔컴(ENCOM) (주) 이천사업소,경기도 이천시 모가면 공원로218번길 135-24,37.175871,127.46186
성신레미컨(주)용인공장,"경기도 용인시 처인구 동부로 97(마평동, 성신양회(주))",37.227059,127.220325
성신레미컨(주)파주공장,경기도 파주시 조리읍 매봉재길 78,37.775437,126.827717
성신레미컨(주),"경기도 구리시 동구릉로 252(인창동, 성신양회공업주식회사)",37.619818,127.141523
(주)대원아스콘 지점 대원레미콘,경기도 파주시 광탄면 부흥로169번길 160,37.807961,126.873434
한내레미콘 주식회사,경기도 포천시 내촌면 내진로 310-67,37.811324,127.213431
태창레미콘(주),경기도 파주시 월롱면 정문로 166,37.776243,126.808718
일진기업 주식회사,경기도 양평군 양평읍 양근로 350,37.479753,127.503214
(주)대광레미콘,경기도 여주시 여주남로 761,37.233477,127.575321
한일산업(주)용인공장,경기도 용인시 처인구 이동읍 화산로 14,37.143846,127.203161
금강레미콘(주),경기도 여주시 가남읍 설가로 662,37.190454,127.523298
(주)삼성,경기도 안성시 원곡면 지산길 55-61,37.056633,127.131252
주식회사 에스피레미콘 동서울공장,경기도 남양주시 진건읍 진관산단로59번길 7,37.636705,127.155299
한국레미콘(주),경기도 화성시 남양읍 현대기아로 473-20,37.194532,126.844387
주식회사 영진레미콘,경기도 포천시 가산면 마현4길 91-22((주)영진레미콘),37.836738,127.197793
부강레미콘(주),경기도 화성시 팔탄면 현대기아로 556번길 111,37.19681,126.862802
(주)건설콘크리트,경기도 용인시 기흥구 중부대로 38(영덕동),37.266775,127.073366
유진기업(주)광주,경기도 광주시 오포읍 문현로 91-44,37.349822,127.219407
(주)새한레미콘,경기도 가평군 가평읍 상색리 350,37.791356,127.472852
고려산업(주)서인천공장,경기도 김포시 양촌읍 삼도공단로49번길 32,37.602095,126.596489
선일공업(주),경기도 부천시 오정로 58(삼정동),37.525521,126.766558
(주)장원레미콘,경기도 남양주시 진건읍 진관산단로59번길 13,37.636844,127.154216
선일기업(주),경기도 화성시 만년로969번길 3(안녕동),37.197005,127.004039
아주산업(주)수원공장,경기도 용인시 기흥구 중부대로 689(상하동),37.266637,127.139888
(주)삼표산업 안성공장,경기도 안성시 양성면 양성로 161,37.070076,127.203134
에스와이삼정레미콘 주식회사,경기 광주시 초월읍 경충대로963번길 11-50,37.363321,127.30515
(주)삼일레미콘,경기도 안성시 대덕면 능말길 36,37.045302,127.222882
(주)태명실업,경기도 이천시 대월면 사동로 29,37.231671,127.491356
(주)지구레미콘,경기도 화성시 향남읍 발안로464번길 25-41,37.127068,126.95885
동진산업(주),경기 수원시 권선구 덕영대로 1046,37.255887,127.0069
한라엔컴(ENCOM)(주)양주사업소,경기도 양주시 남면 감악산로 100,37.874121,126.982007
(주)삼표산업 화성공장,경기도 화성시 비봉면 양노남길 134,37.218835,126.867357
고려레미콘(주),경기도 화성시 양감면 제약단지로 153-42,37.092739,126.92802
(주)한내개발,경기도 포천시 화현면 영일로368번길 131-46,37.936366,127.249343
에스와이삼양알엠씨 주식회사,경기도 김포시 대곶면 약암로 583,37.609649,126.556243
아세아시멘트(주)서울레미콘공장,경기도 안양시 동안구 안양천동로 108(호계동),37.388566,126.942404
유진기업(주)강서,경기도 부천시 오정로 189(내동),37.526771,126.781029
(주)정선산업,경기도 광주시 오포읍 오포로520번길 24-20,37.343767,127.216269
(주)삼표산업 양주공장,경기도 양주시 광적면 부흥로 841-23,37.818461,126.988785
(주)삼표산업 용인공장,경기도 용인시 처인구 이동읍 백자로 459,37.197145,127.192356
주식회사 에스피레미콘 동서울공장,경기도 남양주시 진건읍 진관산단로59번길 7,37.636705,127.155299
(주)대성레미콘,경기도 양주시 광적면 화합로 270-17,37.858401,126.966286
신성레미콘 주식회사,경기도 파주시 월롱면 누현길 37,37.787352,126.790275
우리도시개발(주),경기도 안성시 원곡면 지문로 410,37.070826,127.145945
서보산업(주),경기도 평택시 청북읍 건의길 11,37.040356,126.947102
한일산업(주)평택공장,경기도 평택시 안중읍 서해로 1218-20,37.002194,126.946519
선진레미콘 주식회사,경기도 여주시 삼교2길 74(삼교동),37.228283,127.654064
(주)동양/건재부문 파주공장,경기도 파주시 탄현면 헤이리로199,37.80035,126.698811
한라엔컴(ENCOM)(주) 여주사업소,경기도 여주시 대신면 여양1로 302,37.411456,127.575375
유진기업(주)서서울,경기도 고양시  덕양구 통일로493번길 35(대자동),37.675477,126.883574
우림레미콘주식회사,경기도 하남시 초광산단로 8,37.526496,127.168883
유진기업(주)동서울,경기도 남양주시 진건읍 진관산단로 59번길 21,37.636983,127.153272
건설하이콘(주)포천공장,경기도 포천시 창수면 전영로 1242,38.01655,127.196264
대영레미콘(주),경기도 이천시 설성면 노성로 458-21,37.136404,127.499218
선일레미콘(주),"경기도 안양시 동안구 귀인로 68(호계동, 선일레미콘)",37.38215,126.947071
에스와이우리레미콘 주식회사,경기도 포천시 가산면 정금로 509-9,37.830878,127.203543
유진기업(주)수지,경기도 용인시 처인구 모현읍 포은대로 890,37.329657,127.144664
현대레미콘(주),경기도 여주시 가남읍 대신리길 213,37.181149,127.535603
한일시멘트(주)부천공장,경기도 부천시 석천로 470(삼정동),37.529215,126.76978
(주)금강레미컨,경기도 김포시 하성면 하성로 419,37.712416,126.636901
아세아시멘트(주)용인공장,경기도 용인시 처인구 남사읍 형제로 7,37.142707,127.156721
(주)한강레미콘,경기도 김포시 월곶면 월하로 189,37.714665,126.576823
아주산업(주) 광명공장,경기도 광명시 금오로 707(옥길동),37.463251,126.832525
유진기업(주)수원,경기도 화성시 향남읍 서봉로 720,37.139373,126.957072
(주)미래레미콘,경기도 평택시 남북대로 908(47-30외2필지),37.030997,127.129391
(주)금강,경기도 안성시 원곡면 만세로 865,37.060216,127.174553
쌍용레미콘(주)성남사업소,경기도 성남시 중원구 둔촌대로457번길 40(상대원동),37.433173,127.172272
세진알엠씨 주식회사,경기도 화성시 향남읍 발안로464번길 39,37.127318,126.957044
(주)동양/건재부문 안양공장,경기도 군포시 농심로 85,37.364208,126.956625
토성산업주식회사,경기도 포천시 소흘읍 무봉로 93,37.796548,127.135133
아주산업(주)비봉공장,경기도 화성시 비봉면 화성로1616번길 2-35,37.223112,126.854136
건설하이콘(주) 김포공장,경기도 김포시 양촌읍 불당로 65,37.667115,126.613126
삼광산업(주),경기도 여주시 강천면 강천로 32,37.262558,127.716058
(주)대양레미콘,경기도 안산시 단원구 장골1길 46 (대부남동),37.23572,126.574967
쌍용레미콘(주) 광주사업소,경기도 광주시 오포로 738-10(추자동),37.357793,127.223796
(주)원신레미콘,경기도 파주시 월롱면 정문로 220-1,37.779381,126.812079
삼표레미콘 주식회사 여주공장,경기도 여주시 능서면 중부대로 2656,37.296247,127.60029
(주)현창기업 의왕공장,경기도 의왕시 고천공업로 27(고천동),37.350543,126.968541
(주)우신레미콘,경기도 파주시 대골길 246-38(하지석동),37.752273,126.731142
아주산업(주)광주공장,경기도 광주시 장지9길 14(장지동),37.397567,127.236683
쌍용레미콘(주)부천사업소,경기도 부천시 석천로 465(삼정동),37.528327,126.768002
한일시멘트(주)화성공장,경기도 화성시 팔탄면 주석로778번길 100,37.188061,126.893355
신성콘크리트공업(주),경기도 고양시 일산동구 동국로 230(식사동),37.688142,126.814246
한일산업(주) 남서울공장,경기도 안양시 만안구 연현로9번길 88,37.426172,126.899047
남성레미콘(주),경기도 화성시 향남읍 발안로 284-13,37.13254,126.938518
삼광레미콘 주식회사,경기도 양평군 양평읍 대흥로 182,37.479087,127.548099
이순산업 주식회사,경기도 포천시 내촌면 금강로 2199-50,37.773468,127.225208
(주)만아,경기도 포천시 내촌면 금강로 2768-152,37.811463,127.258094
(주)신흥,경기도 파주시 중앙로 60-45,37.752495,126.796053
아세아시멘트(주)수원공장,경기도 수원시 권선구 덕영대로 1006(세류동),37.259553,127.004206
한라엔컴(ENCOM)(주)화성사업소,경기도 화성시 우정읍 포승향남로 1170-5,37.052021,126.798893
(주)토성레미콘,경기도 포천시 영중면 은잿말길 294-30,38.007329,127.218679
쌍용레미콘(주)파주사업소,경기도 파주시 천정구로 155(교하동),37.74819,126.749946
주식회사 정선레미콘,경기도 안양시 동안구 학의로 322(관양동),37.399065,126.971707
주식회사 청광,경기도 용인시 처인구 모현읍 백옥대로 2183-1,37.319492,127.241073
영산콘크리트공업(주),경기도 용인시 처인구 모현읍 오산로 45-40,37.330768,127.163524
에스와이삼양기업 주식회사,경기도 포천시 소흘읍 거친봉이길 58-14,37.790548,127.130439
한라엔컴(ENCOM)(주)파주사업소,경기도 파주시 탄현면 월롱산로 301,37.800656,126.75389
유진기업(주)안성,경기 안성시 대덕면 만세로 145,37.029665,127.230465
(주)대왕레미콘,경기도 안성시 양성면 양성로 94-12,37.064022,127.200606
쌍용레미콘(주) 양주사업소,경기도 양주시 칠봉산로131번길 34-33(회암동),37.847541,127.077138
(주)삼표산업 안양공장,경기도 안양시 만안구 안양천서로 45(안양동),37.384705,126.939238
에스와이평안산업주식회사,경기도 포천시 신북면 청신로2120,37.935421,127.223984
흥국산업(주),경기도 하남시 초광산단로 20,37.526857,127.169577
주식회사 에스에이치산하인더스트리(SH산하인더스트리),경기도 남양주시 와부읍 수레로 733,37.622291,127.278038
(주)원방산업,경기도 남양주시 진건읍 독정로273번길 64,37.676784,127.200878
한일시멘트(주)성남공장,경기도 성남시 중원구 둔촌대로 424,37.432035,127.164217
아주산업(주)병점공장,경기도 화성시 효행로 981(진안동),37.211976,127.034648
(주)진도레미콘,경기도 가평군 가평읍 경춘로 1789,37.7993,127.480157
태백산업(주),경기도 안성시 삼죽면 삼죽로 49,37.06855,127.370424
(주)장원기업,경기도 양주시 남면 화합로610번길 2-61,37.868261,126.99645
한일산업(주)파주공장,경기도 파주시 파주읍 광탄천로 253,37.801379,126.821633
유진기업(주)평택,경기도 안성시 원곡면 청원로 1752-55(205-38번지),37.038885,127.110531
이순산업(주)동두천,경기도 동두천시 갈마지길 205(상패동),37.895952,127.038391
세종레미콘(주),경기도 화성시 양감면 암소고개로 104,37.076768,126.929797
우진레미콘(주),"경기 고양시 덕양구  흥도로 79 (도내동,(163-4외1필지))",37.61565,126.864937
영산콘크리트공업(주)광주공장,경기도 광주시 곤지암읍 신만로 119-26,37.337658,127.389309
건설기업(주),경기도 남양주시 순화궁로 628(별내동),37.679922,127.11172
유진기업(주),경기도 부천시 오정구 석천로 457(삼정동),37.527354,126.769252
연천레미콘 주식회사,경기도 연천군 청산면 순욱길 185,37.995969,127.101606
한양산업개발(주),경기도 양주시 광적면 그루고개로143번길 224,37.834404,126.992479
대신레미콘㈜,경기도 여주시 가남읍 대신리길 99-24,37.189232,127.538158
성진기업(주),경기도 화성시 양감면 서해로152번길 135,37.080101,126.92527
(주)부국레미콘,경기도 부천시 오정로 72(삼정동),37.525021,126.767835
덕원산업(주),경기도 평택시 산단로 87-20(모곡동),37.039274,127.080312
세화산업(주),"경기도 안산시 상록구 팔곡일동 502, 501-1",37.295576,126.893465
일진레미콘(주),경기도 양평군 양서면 경강로 1215,37.517443,127.420082
삼덕산업(주),경기도 평택시 세교산단로22번길 65(세교동),37.01186,127.084562
성진산업개발(주),경기도 안양시 동안구 엘에스로 79(호계동),37.369624,126.951043
(주)삼표산업 서부공장,경기도 고양시 덕양구 흥도로 113(도내동),37.616317,126.861937
(주)도현레미콘,경기도 안성시 보개면 보삼로 80,37.102046,127.319651
주식회사 토암콘크리트,경기도 여주시 가남읍 월평로 563-32,37.252391,127.569738
금진레미콘(주),경기도 연천군 전곡읍 간파리 167,37.953334,127.009254
현대레미콘(주),경기도 안성시 원곡면 매지로 46-15,37.07327,127.137251
주식회사 건설레미콘 의정부공장,경기도 포천시 화합로 107(동교동),37.841126,127.124994
성진콘크리트공업(주),경기도 화성시 장지동길 58(장지동),37.146567,127.123363
주식회사 케이씨레미컨,경기도 여주시 가남읍 가남로 465,37.201064,127.592181
(주)정선기업,경기도 김포시 대곶면 대명항로 496,37.647117,126.56588
(주)동양/건재부문 김포공장,경기도 김포시 월곶면 김포대로 2822,37.716526,126.543604
효신개발(주),경기도 파주시 광탄면 부흥로169번길 180,37.808156,126.874629
쌍용레미콘(주)의왕사업소,경기도 의왕시 경수대로 307(고천동),37.353181,126.969541
(주)삼표산업 오산공장,경기도 화성시 양감면 토성로 574-8,37.106904,126.978931
미화콘크리트(주)파주공장,경기도 파주시 법원읍 화합로548번길 139,37.844763,126.928234
주식회사 세종레미콘,경기도 안성시 서운면 사갑1길 296-105,36.919122,127.241937
에스와이삼양레미콘 주식회사,경기도 남양주시 진접읍 양진로 920,37.701642,127.180685
태형기업(주),경기도 화성시 정남면 서봉로755번길 19,37.144344,126.955544
쌍용레미콘(주)평택사업소,경기도 평택시 오성면 청오로 251,37.027885,126.974155
삼화알엠씨(주),경기도 양주시 칠봉산로 370(봉양동),37.865151,127.071194
세진산업개발(주),경기도 광주시 직동로 19-12,37.395928,127.193993
국민레미콘(주),경기도 용인시 처인구 백암면 죽양대로 831,37.140903,127.392227
(주)부국레미콘 동부,경기도 광주시 순암로 216(중대동),37.398789,127.226934
(주)진영기업,경기도 안양시 동안구 귀인로 18,37.385289,126.943071
(주)경기레미콘,경기도 이천시 대월면 초지리 507-2,37.218311,127.50205
아주산업(주)상암공장,경기도 고양시 덕양구 흥도로 111(도내동),37.616706,126.862826
유진기업(주)안산,경기도 안산시  상록구 반월천북길 188(팔곡일동),37.31613,126.889049
(주)세종산업,경기도 여주시 흥천면 효자로 257,37.337437,127.530935
한일산업(주)김포공장,경기도 김포시 대곶면 대명항로 588-40,37.647228,126.557937
한라엔컴(ENCOM)(주)용인사업소,경기도 용인시 처인구 이동읍 묘봉로 82-4,37.124404,127.220437
천지산업개발(주),경기도 광주시 초월읍 산수로 311-34,37.391679,127.311399
주식회사 에스피레미콘,경기도 광주시 경충대로 2120,37.408426,127.207964
주식회사 삼호,경기도 연천군 전곡읍 양연로402번길 291(삼호레미콘),37.932698,127.011698
(주)다성레미콘 여주지점,경기도 여주시 흥천면 흥천로 308-85,37.332104,127.557627
(주)서해레미콘,경기도 안산시 단원구 섭수리길 73(대부남동),37.219833,126.562996
(주)태강레미콘,경상남도 창원시 마산합포구 진북면 농공단지로 60,35.144969,128.477512
(주)지강산업,경상남도 함안군 군북면 여명로 212-1,35.26876,128.324913
(주)한국그린팩토리,경상남도 사천시 곤명면 곤명1로 201-16,35.116386,127.94853
주식회사 태금레미콘,경상남도 김해시 상동면 동북로437번길 58-91,35.307593,128.959191
(주)성운알앤씨,경상남도 김해시 진영읍 본산로 60-60,35.310591,128.744515
주식회사 보림콘텍,경상남도 밀양시 초동면 초동농공단지길 12,35.423022,128.657244
(주)창원레미콘,경상남도 창원시 의창구 대산면 봉강가술로537번길 24,35.336921,128.703463
주식회사 선진,경상남도 함안군 칠북면 덕남길 36-4,35.35339,128.518562
주식회사 삼보,경상남도 의령군 직금로 271-16,35.461294,128.308107
항도렉스콘(주),경상남도 양산시 상북면 충렬로 485,35.384668,129.045849
동헌레미콘 주식회사,경상남도 양산시 산막공단남11길 129(북정동),35.367309,129.051849
(주)세경,경상남도 김해시 진영읍 김해대로 112,35.297342,128.708962
(주)우경산업,경상남도 진주시 문산읍 동부로839번길 77,35.172742,128.196397
대양레미콘(주)덕계공장,경상남도 양산시 월라2길 19(덕계동),35.365671,129.148368
(주)대성레미콘,경상남도 밀양시 부북면 사포로 65,35.473073,128.747624
(주)삼성산업,경상남도 통영시 광도면 은황길 386-38,34.961267,128.396132
(주)기영,경상남도 창녕군 영산면 월령공장길 61,35.402024,128.486731
(주)그린테크,경상남도 밀양시 산내면 산내로 720,35.602921,128.914692
(주)성보레미콘,경상남도 김해시 진례면 고모로134번길 4,35.238877,128.769402
(주)경풍,"경상남도 진주시 문산읍 동부로839번길 68 (,77양지상 101호)",35.172242,128.196758
(주)진일씨앤씨,경상남도 양산시 어실로 383-56(어곡동),35.391528,129.012713
(주)동원레미콘,경상남도 창녕군 성산면 대터공단길 62,35.619055,128.469036
(주)거창레미콘,경상남도 거창군 남하면 영서로 543,35.638716,127.970607
(주)홍성,경상남도 산청군 신안면 지리산대로 3739,35.318474,127.991803
(주)성훈철강레미콘사업부,경상남도 진주시 공단로 238(상평동),35.175436,128.126098
물금개발(주),경상남도 양산시 원동면 원동로 299,35.324397,128.976078
(주)보림산업,경상남도 합천군 용주면 연촌우곡길 165-24,35.569308,128.103818
(주)신흥레미콘,경상남도 거창군 거창읍 밤티재로 1303,35.671684,127.93111
㈜경신,경상남도 창원시 마산합포구 진북면 연동로 119,35.140053,128.492872
㈜신우공업,경상남도 함안군 칠원읍 무기로 287,35.292231,128.562003
(주)제일레미콘,경상남도 거제시 연초면 오비4길 46,34.919134,128.615752
무창산업㈜,경상남도 산청군 신등면 상능로504번길 36-30,35.390633,128.050158
비원산업㈜,경상남도 거창군 남상면 수남로 1963,35.654742,127.911195
(주)삼보산업,경상남도 함안군 대산면 송산로 621,35.323227,128.448318
㈜경일산업,경상남도 함안군 대산면 송산로 621,35.323227,128.448318
㈜홍성산업,경상남도 거제시 거제대로 5022(장평동),34.893526,128.589977
흥진산업(주),경상남도 합천군 적중면 황강옥전로 1839,35.559644,128.288747
대천산업 주식회사,경상남도 사천시 곤양면 경충로 1599,35.049143,127.933282
한진산업개발(주),경상남도 김해시 생림면 나전로 100-31,35.294149,128.874226
경남콘크리트 주식회사,경상남도 양산시 원동면 원동로 326,35.326035,128.978494
㈜수경,경상남도 창원시 진해구 남영로574번길 8(남양동),35.120918,128.782624
오헌산업(주),경상남도 김해시 진영읍 본산로269번길 15-18,35.317452,128.754764
정암레미콘(주),경상남도 고성군 하이면 삼상로 892,34.981096,128.138904
가야레미콘(주),경상남도 통영시 광도면 안정로 558,34.932881,128.430796
동경레미콘(주),경상남도 김해시 유하로 107-20(유하동),35.212714,128.813454
(주)창원,경상남도 하동군 금성면 산업로 480,34.956569,127.775519
쌍용레미콘(주)창원사업소,경상남도 창원시 성산구 연덕로 14(웅남동),35.205297,128.65544
(유)영동레미콘김해지점,경상남도 김해시 상동면 상동로 862-79,35.31412,128.958135
참빛동아산업(주),경상남도 합천군 율곡면 임북공단길 40,35.582529,128.182256
비아이레미콘(주),경상남도 김해시 상동면 상동로 312-31,35.302982,128.905751
㈜도현레미콘,경상남도 양산시 산막동 307-3,35.370892,129.051904
(주)중앙레미콘,경상남도 함양군 안의면 거안로 234,35.657796,127.816787
수성산업,경남 창녕군 성산면 후천리 산 1-3,35.632026,128.499755
대하레미콘(주),경상남도 남해군 서면 스포츠로 590,34.812252,127.845875
(주)통영산업,경상남도 통영시 광도면 안정로 563,34.932965,128.429573
대상레미콘(주),경상남도 의령군 가례면 의병로 105-3,35.322337,128.248641
(주)대영건업,"경상남도 함안군 군북면 방어산로 509, 101호",35.282953,128.303803
㈜찬우레미콘,경상남도 김해시 한림면 한림로343번길 47-42,35.316591,128.795955
(주)청남,경상남도 남해군 고현면 남해대로 3245-9,34.875884,127.890843
세정건업㈜,경상남도 밀양시 상동면 상동로 130,35.523262,128.78026
양지산업(주),경상남도 산청군 신안면 지리산대로 3600,35.309781,127.98247
케이엠산업 주식회사,경상남도 하동군 진교면 달구지길 95-47,35.00237,127.894119
(주)유강피씨,경상남도 창원시 마산합포구 진북면 연동로 154,35.143692,128.49526
㈜합천레미콘,"경상남도 합천군 합천읍 마령로 401-26 용계리 210,211,212,213,214,215,216,220,222",35.622997,128.154924
(주)삼부레미콘,경상남도 함양군 안의면 거안로 232,35.657907,127.816315
㈜찬우,경상남도 밀양시 산외면 화동강길 65,35.501403,128.786815
주식회사 덕운레미콘,경상남도 김해시 한림면 장방로335번길 8-15,35.334311,128.78515
양산레미콘(주),경상남도 양산시 두전길 61(어곡동),35.385501,129.028128
(주)신송,경상남도 양산시 어실로 431,35.393473,129.010769
대하산업(주),경상남도 하동군 금남면 섬진강대로 863-10,34.994093,127.818487
삼성레미콘 주식회사,경상남도 거창군 남하면 영서로 137,35.659241,127.947192
고성레미콘㈜,경상남도 고성군 거류면 거류로 148-57,34.964433,128.368384
㈜함양기업,경상남도 함양군 유림면 옥매리 911,35.50498,127.759071
(주)새한레미콘,경상남도 거제시 연초면 오비4길 52,34.919495,128.61503
㈜보성레미콘,경상남도 창원시 의창구 북면 단내로 443,35.349752,128.566808
주식회사 대영레미콘,경상남도 창녕군 대지면 미산길 3-24,35.566866,128.476925
(주)동양/건재부문 김해공장,경상남도 김해시 한림면 김해대로1538번길 41,35.272235,128.839868
(주)대동레미콘,경상남도 사천시 곤양면 서삼로 198,35.064197,127.976528
산양알앤에이(주),"경상남도 창원시 진해구 용원북로 19(용원동, (주)산양)",35.105253,128.815205
㈜남평레미콘,경상남도 거제시 연초면 오비4길 42,34.919606,128.616585
대명레미콘(주),경상남도 양산시 산막공단남4길 32,35.367087,129.052876
주식회사 신동,경상남도 사천시 사남면 화전리 286-2,35.052894,128.096435
(주)동양/건재부문 양산공장,경상남도 양산시 유산공단3길 7,35.354227,129.032462
주식회사 대왕레미콘,경상남도 김해시 상동면 상동로 818-5,35.314981,128.956774
㈜동아레미콘,경상남도 함안군 칠원면 무기리 859,35.295786,128.543477
㈜서경,경상남도 진주시 진성면 가진리 1680,35.21782,128.195063
㈜대아레미콘,경상남도 함안군 칠원읍 원서로 213-15,35.297147,128.502175
정암산업(주)제2공장,경상남도 진주시 진성면 진의로 471-83,35.217765,128.194841
(주)경보,경상남도 하동군 고전면 하동읍성로 97-26,35.005203,127.811154
㈜대신산업,경상남도 창원시 마산합포구 진북면 농공단지로 39((주)대신산업),35.142636,128.477484
주식회사 경남,경상남도 사천시 축동면 서삼로 1204,35.091945,128.049355
대하콘크리트(주),경상남도 사천시 용현면 사천대로 915-21,35.002621,128.051939
금강레미콘주식회사,경상남도 산청군 생비량면 진산로 2166-11,35.344389,128.08235
(주)동양산업,경상남도 김해시 상동면 동북로437번길 58-62,35.308954,128.960635
신한산업(주),"경상남도 함안군 칠원읍 원서로 89-33, 1층",35.300619,128.513924
(주)우성기업,경상남도 진주시 솔밭로 55(상평동),35.173686,128.106766
(주)수강에스디,경상남도 사천시 사남면 사남로 886-5,35.051172,128.094379
(주)승일,경상남도 함안군 대산면 대부로 332-1,35.361695,128.460289
(주)용원알앤에이,경상남도 창원시 진해구 진해대로 2257(용원동),35.108281,128.807845
쌍용레미콘(주) 김해사업소,경상남도 김해시 상동면 동북로437번길 47-17,35.309648,128.965773
주식회사 에스비산업,경상남도 창원시 진해구 명제로 26(죽곡동),35.112502,128.72013
(주)한일,경상남도 창녕군 도천면 영산도천로 88,35.412662,128.508895
동헌산업(주)김해지점,경상남도 김해시 김해대로 2651 (안동),35.229324,128.916473
한일시멘트(주)김해공장,경상남도 김해시 장유면 대청로104번길 92,35.188355,128.808344
부일산업개발(주),부산광역시 금정구 부곡동 216-22,35.23974,129.092819
중앙산업(주),경상남도 거창군 위천면 빼제로 540,35.749258,127.833174
(주)진성레미콘,경상남도 김해시 생림면 생림대로 713번길 93(봉림리),35.315452,128.85095
극동메이저(주),경상남도 사천시 축동면 서삼로 1072,35.091389,128.041495
(주)수창,경남 창녕군 대합면 대동월포로 381,35.631248,128.441483
영남레미콘(주),경상남도 진주시 큰들로 157(상평동),35.172075,128.120237
(주)한려레미콘,경상남도 통영시 광도면 용호로 526(한려레미콘),34.888219,128.382328
(주)부경레미콘,경상남도 밀양시 하남읍 양명길 108,35.391582,128.727266
현대개발(주)김해공장,경상남도 김해시 상동면 동북로437번길 27-6,35.310426,128.966773
(주)삼정레미콘,경남 통영시 광도면 덕포리 373,34.921438,128.421741
(주)동주산업,경상남도 함양군 수동면 거함대로 561,35.538449,127.78093
금강레미콘㈜,경상남도 김해시 장유면 유하리 690-4,35.21438,128.813093
(주)동양/건재부문 창원공장,경상남도 창원시 성산구 적현로279번길 6(신촌동),35.199797,128.594723
우리산업㈜,경상남도 통영시 광도면 안정로 544(팔복가든),34.932298,128.43124
유한회사 동방,경상남도 함양군 지곡면 거함대로 561-1,35.537754,127.780014
㈜신풍,경상남도 거제시 사등면 성포로 349-18,34.916273,128.538648
(주)한중,경상북도 포항시 남구 철강로492번길 24(장흥동),35.967744,129.382091
(주)우미산업,경상북도 포항시 북구 청하면 고현길17번길 47,36.160778,129.339426
주식회사 상북알엠씨,경상북도 고령군 성산면 성암로 86-43,35.763288,128.381098
주식회사 보리,경상북도 경주시 강동면 강동산단로1길 73,35.962411,129.30782
(주)한국레미콘,경상북도 포항시 북구 흥해읍 동해대로1845번길 83-65,36.139836,129.338954
주식회사 정수산업,경상북도 울진군 죽변면 하죽로 1737,37.055899,129.400966
영주종합레미콘 주식회사,경상북도 영주시 구성로88번길 164-45(휴천동),36.809227,128.636092
(주)경도레미콘,경상북도 경주시 천북면 천북산단로 191-89((주)월성),35.941496,129.262491
(주)창신산업개발,경상북도 포항시 북구 흥해읍 용금길11번길 9,36.142502,129.350676
(주)강한레미콘,경상북도 포항시 북구 흥해읍 동해대로1845번길 47,36.137864,129.343454
(주)경북레미콘,경상북도 김천시 개령면 개령로 336-12,36.194488,128.174917
(주)금강레미콘,경상북도 영덕군 영덕읍 매정길 218-92,36.441524,129.413361
주식회사 점촌레미콘,경상북도 문경시 신기공단1길 76(신기동),36.63441,128.17919
하나레미콘 주식회사,경상북도 포항시 북구 흥해읍 덕실마을길3번길 8,36.122421,129.343426
주식회사 신포항레미콘,경상북도 포항시 북구 흥해읍 덕장길 214,36.146974,129.333982
(주)영진레미콘,경상북도 포항시 북구 청하면 동해대로 2534-90,36.191274,129.358341
(주)공항레미콘,경상북도 울진군 기성면 기성로 287,36.767571,129.461853
(주)평해레미콘,경상북도 울진군 평해읍 평오곡길 31-30,36.730492,129.440022
신국제레미콘주식회사,경상북도 경주시 천북면 산업로 4785-11,35.904084,129.239966
㈜태성레미콘,경상북도 울진군 울진읍 울진북로 745-90(태성레미콘),37.01532,129.397245
한국레미콘 주식회사,경상북도 고령군 성산면 성산로 822,35.747151,128.352184
동양레미콘(주),경상북도 의성군 의성읍 경북대로 5758,36.354501,128.685037
하나태광(주),경상북도 포항시 북구 기계면 기계로 292,36.080952,129.190162
성원레미콘(주),경상북도 안동시 풍산읍 풍산태사로 1624,36.567699,128.620291
대종레미콘(주),경상북도 경주시 양북면 명주길 38-49,35.771767,129.444727
(주)정원레미콘,경상북도 영천시 고경면 산수골길 47,35.995183,129.09195
(주)대경알앤씨,대구광역시 군위군 군위읍 군위공단길 39-16,36.204573,128.558828
부성레미콘(주),경상북도 안동시 임하면 충효로 3372-8,36.530316,128.821301
(주)동남레미콘,경상북도 의성군 비안면 서부로 1076,36.344445,128.472973
(주)신창산업,경상북도 포항시 북구 청하면 동해대로 2062,36.155195,129.347009
(주)진성콘크리트,경상북도 울진군 기성면 기성로 990,36.82187,129.438327
(주)명성레미콘,경상북도 울진군 후포면 쇠골1길 57,36.66861,129.427802
영진레미콘아스콘(주)석계공장,경상북도 경주시 외동읍 관문로 957-21,35.663555,129.295047
주식회사 동림레미콘,경상북도 예천군 호명읍 양궁로 682-10,36.614498,128.5063
신우레미콘(주),경상북도 경주시 외동읍 석계리 1241,35.663805,129.294519
삼영레미콘㈜,경상북도 봉화군 봉화읍 예봉로 2015,36.880636,128.740138
주식회사 대일기업,경상북도 포항시 북구 기계면 새마을로 2522,36.112809,129.130167
(합)신영레미콘,경상북도 예천군 유천면 예성로 751,36.634995,128.395976
대창건설(합),경상북도 영주시 구성로88번길 86(휴천동),36.805422,128.634065
정수레미콘 주식회사,경상북도 울진군 북면 울진북로 2515,37.134779,129.36208
중화레미콘(주),경상북도 상주시 화서면 영남제일로 4287-24,36.443292,127.938436
(주)문경레미콘,경상북도 문경시 산양면 금천로 221,36.627662,128.247129
주식회사삼성콘크리트,경상북도 의성군 봉양면 농공마전길 45,36.289008,128.571159
㈜금강건설레미콘,경상북도 봉화군 봉성면 덕창마길 22-2,36.9073,128.780967
케이엠레미콘(주),경상북도 포항시 남구 해병로 99(인덕동),35.985909,129.404506
㈜성원,경상북도 고령군 다산면 다산로 339,35.810922,128.418288
우진레미콘아스콘㈜,경상북도 경주시 천북면 산업로 4773-9,35.902806,129.239271
신우레미콘아스콘 주식회사,경상북도 영천시 고경면 거곡로 41-52,35.976685,128.982654
(주)미래레미콘,경상북도 영덕군 달산면 주왕산로 3446,36.415304,129.281179
월드산업(주),경상북도 예천군 호명면 양궁로 717,36.616804,128.511605
(주)삼보,경상북도 의성군 단밀면 도안로 562-75,36.335584,128.311793
(주)대경레미콘,경상북도 고령군 쌍림면 쌍쌍로 618-47,35.667854,128.25636
(주)대열레미콘,경상북도 영천시 북안면 유하큰길 48,35.935134,128.975655
대흥레미콘㈜,경상북도 상주시 헌신공단길 50 (헌신동),36.414602,128.20519
(주)신진,경상북도 군위군 효령면 효령공단길 12-13,36.150274,128.592325
(주)동해개발레미콘,경상북도 포항시 남구 장기면 장기로 577,35.913001,129.487611
삼백레미콘㈜,경상북도 상주시 외서면 귀호길 28,36.476123,128.169026
영일레미콘,경상북도 포항시 북구 청하면 청하로 53,36.18347,129.33501
(주)그린레미콘,경상북도 구미시 옥성면 산촌옥관로 20,36.305365,128.218246
(주)영남산업,경상북도 안동시 앙실2길 74-1,36.561228,128.678813
영남레미콘(주),경상북도 안동시 앙실3길 77,36.560117,128.676369
세아아스콘(주),경상북도 김천시 구성면 남김천대로 3068,36.069696,128.085926
(주)그린산업,경상북도 의성군 다인면 가원농공길 46-3,36.434434,128.369314
(주)영남레미콘,경상북도 포항시 북구 송라면 조사리길 84,36.225909,129.370423
흥진레미콘(주),경상북도 경주시 천북면 산업로 4773-10,35.903556,129.239216
(주)에이치씨제일레미콘,경상북도 포항시 남구 서원재로 90(호동),35.983631,129.394757
영화레미콘(주),경상북도 경주시 내남면 반구대로 2882-10,35.731853,129.205443
(주)대동산업,경상북도 영양군 일월면 영양로 2492-25,36.702243,129.136327
김천레미콘(주),경상북도 김천시 농남로 262-19,36.09861,128.195666
(주)우리레미콘,경상북도 성주군 용암면 운용로 1447,35.866054,128.360876
동성레미콘 주식회사,경상북도 포항시 남구 섬안로46번길 40(괴동동),35.999185,129.371314
경포레미콘㈜,경북 경주시 강동면 새마을로 950-28,36.043513,129.272322
주식회사 에이치씨의성레미콘,경상북도 의성군 구천면 도개구천길 1134,36.341418,128.430754
(주)대영레미콘,경북 경주시 건천읍 단석로 1631-176(송선리 780),35.831229,129.062204
(주)동신산업,경상북도 영주시 장수면 용주로 551,36.787756,128.529296
우정산업 주식회사,경북 울릉군 울릉읍 무릉길 245-134,37.478475,130.897828
동성레미콘,경상북도 안동시 남후면 숨실길 59,36.525287,128.66587
우성산업㈜,경상북도 문경시 신기동 252-37,36.628772,128.168691
(주)한국산업,경상북도 예천군 예천읍 경서로 2355-11,36.636828,128.412503
(주)에이치씨보광콘크리트,경상북도 안동시 풍산읍 경서로 4380-59,36.591696,128.595126
한일건재공업㈜,경상북도 칠곡군   북삼읍 금오동천로 27,36.059393,128.301268
새금강레미콘(주),경상북도 봉화군 소천면 임기로 730,36.928549,129.014224
(주)유니온레미콘,경상북도 포항시 북구 흥해읍 용천리 1138-1,36.147307,129.352148
주식회사 동진산업,경상북도 울진군 울진읍 울진북로 745-62(㈜동진산업),37.016598,129.400355
정도산업(주),경상북도 울진군 죽변면 동해대로 5047,37.058482,129.403605
(주)세일,경상북도 김천시 문성길 77(덕곡동),36.115386,128.148892
(주)태경산업,경상북도 울진군 울진읍 울진북로 745-80,37.016431,129.398467
예천레미콘(주),경상북도 예천군 지보면 예지로 709(신세계환경(주)) 707,36.576169,128.413475
(주)영양레미콘,경상북도 영양군 입암면 양항길 42,36.599893,129.091193
(주)와이앤피알에이,경상북도 영덕군 축산면 고경길 141,36.476743,129.421888
(주)미성공업,경상북도 성주군 초전면 대장2길 16-10,35.97007,128.265578
다부산업㈜,경상북도 김천시 양천동 114-1,36.082084,128.118673
(주)윤성알엠씨 고령지점,경상북도 고령군 성산면 기산리 316,35.729625,128.336019
공단레미콘,경상북도 포항시 남구 괴동로 93(장흥동),35.987797,129.369314
주식회사 에이치씨경산레미콘,경상북도 경산시 압량읍 가일길 79,35.839504,128.77984
(합자)고려실업,경상북도 예천군 예천읍 양궁로 378-24,36.624747,128.481275
울진레미콘(주),경상북도 울진군 죽변면 하죽로 1795-14,37.056566,129.407632
(주)영덕레미콘,경상북도 영덕군 영덕읍 영덕로 320,36.422748,129.376614
㈜솔레미콘,경상북도 청도군 풍각면 봉기1리 1106,35.650108,128.590997
(주)신성레미콘,경상북도 경주시 문무대왕면 명주길 73,35.765323,129.441866
대경알엠씨(주),경상북도 고령군 성산면 개경포로 2103-35,35.745623,128.377098
주식회사 에이치씨보광산업개발,경상북도 칠곡군 가산면 경북대로 1692-12 2층,36.097224,128.537025
해동레미콘주식회사,경상북도 구미시 해평면 괴곡4길 17-12,36.18038,128.408813
정도종합산업(주),경상북도 울진군 죽변면 동해대로 5047-1,37.05676,129.403882
주식회사 영남레미콘,경상북도 경주시 건천읍 신평공단길 39,35.872169,129.071675
현대레미콘(주),경상북도 영주시 신재로 129(가흥동),36.830252,128.59829
(주)녹색레미콘,경상북도 영덕군 영덕읍 신공업단지길 37,36.390974,129.365338
하나대건레미콘(주),경상북도 의성군 다인면 가원농공길 27,36.435768,128.371536
미성레미콘(주),경상북도 구미시 고아읍 선산대로 630-10,36.184213,128.350846
(주)남일레미콘,경상북도 포항시 북구 흥해읍 동해대로1845번길 47,36.137864,129.343454
대광레미콘,경상북도 청송군 진보면 경동로 4525,36.538678,129.073556
(주)영진레미콘 칠곡지점,경북 칠곡군 동명면 경북대로 22,35.963322,128.551914
한성레미콘㈜,경상북도 경산시 진량읍 일연로115길 12,35.859724,128.804449
(주)백산레미콘,경상북도 칠곡군 가산면 학상1길 68,36.093863,128.493696
삼성중기레미콘(주),경상북도 청송군 진보면 영양로 13,36.540372,129.077973
정민종합산업(주),경상북도 봉화군 봉화읍 농업인길 86-105(정도종합산업주식회사),36.899356,128.765524
(주)우현레미콘,경상북도 포항시 북구 청하면 고현길17번길 41,36.162166,129.340815
(주)씨콘,경상북도 울릉군 서면 태하령길 1037-7(동도레미콘),37.508526,130.816279
청우레미콘(주),경상북도 청도군 화양읍 청려로 1822,35.65047,128.717208
(주)삼남레미콘,경상북도 청송군 안덕면 청송로 2509,36.284206,129.007898
(주)아영레미콘,경상북도 울진군 울진읍 울진북로 655-14,37.005516,129.398495
㈜동아레미콘,경상북도 안동시 수상동 267,36.54673,128.707478
(주)신한레미콘,경상북도 경산시 와촌면 신한리 산 64-1,35.948159,128.789782
주식회사 에스제이레미콘,경상북도 상주시 화개길 17(화개동),36.417185,128.185664
금강레미콘(주),경상북도 봉화군 봉성면 봉명로 68(금강레미콘공장),36.901829,128.775412
대산실업(주),경상북도 칠곡군 석적읍 석적로 345,36.02587,128.410565
(주)서벽,경상북도 경주시 안강읍 두류길 35,35.986324,129.163749
금오레미콘(주),경상북도 구미시 1공단로6길 114(공단동),36.091918,128.376039
상신산업주식회사 북지점,경상북도 성주군 선남면 나선로 1002-13,35.879164,128.381263
영남레미콘(주),경상북도 김천시 평화장미길 115(평화동),36.129134,128.111951
주식회사 에이치씨동부레미콘,경상북도 영천시 금호읍 고수골길 38,35.954381,128.904911
(주)달성레미콘,경상북도 구미시 고아읍 원대로 292,36.17763,128.32046
(주)와룡레미콘,경상북도 안동시 와룡면 퇴계로 1437-12,36.663439,128.782775
세일개발(주),경상북도 성주군 용암면 용정리 354-2,35.824809,128.333962
(합)고려레미콘,경상북도 영주시 구성로88번길 10-19,36.801894,128.632704
(주)동양/건재부문 대구공장,경상북도 경산시 진량읍 동자1길 50,35.870112,128.802254
(주)동아레미콘,경상북도 포항시 남구 섬안로46번길 26(괴동동),35.998102,129.370592
고려레미콘,경상북도 봉화군 춘양면 소로리 645-1,36.924438,128.919399
세아산업(주)약목,경상북도 칠곡군 약목면 경호천동길 14,36.047061,128.348209
(주)대성레미콘,경상북도 상주시 헌신공단길 42(헌신동),36.415269,128.205773
(주)청도레미콘,경상북도 청도군 금천면 소천길 112,35.716297,128.89522
㈜화남레미콘,경상북도 영덕군 영덕읍 신공업단지길 37,36.390974,129.365338
가은레미콘(주),경상북도 문경시 마성면 은성로 1038,36.649158,128.081365
(주)에스제이,경상북도 상주시 낙동면 영남제일로 503-15,36.385467,128.269074
(주)세기산업,경상북도 김천시 남면 오봉로 22,36.088667,128.246884
(주)동흥레미콘,경상북도 고령군 다산면 다산산단3길 73,35.788313,128.378292
영해레미콘(주),경상북도 영덕군 영해면 영덕로1686-8,36.526348,129.407777
구미레미콘(주),경상북도 구미시 3공단3로 82-21(시미동),36.088168,128.412731
(주)삼우,경상북도 경산시 남천면 조자길 74,35.767679,128.736955
(주)동신레미콘,경북 영주시 장수면 장수로220번길 57,36.786563,128.597568
(주)삼안레미콘,경상북도 영천시 신령면 화성리 161,36.046676,128.798808
(주)청송동국,경상북도 청송군 청송읍 금곡리 362-1,36.406081,129.064948
아세아시멘트(주)대구공장,경상북도 칠곡군 약목면 경호천동길 2,36.046673,128.346931
(주)여송산업 포항공장,경상북도 포항시 남구 대송면 철강로 240,35.983576,129.367259
주식회사 엠지인터스트리(MG),광주광역시 광산구 임곡로 794(도천동),35.218007,126.816656
동양레미콘(주),광주광역시 남구 송암로76번길 35 (송하동),35.11388,126.878735
쌍용레미콘(주)광주사업소,광주광역시 광산구 어등대로621번길 23-10(소촌동),35.149626,126.791798
(주)세종레미콘,광주 광산구 송학동 919,35.123767,126.677752
(주)서산,광주광역시 광산구 하남산단4번로 143(장덕동),35.193315,126.809074
현대개발주식회사,광주광역시 광산구 풍영정길 201 (신창동),35.184705,126.854125
중원산업(주),광주광역시 광산구 하남산단3번로 106(장덕동),35.188732,126.805824
주식회사 에이치씨군위산업,대구광역시 군위군 군위읍 장천로 764,36.183103,128.550495
(주)영빈산업,대구광역시 북구 검단공단로 107(검단동),35.913828,128.611548
경동레미콘 주식회사,대구광역시 달성군 하빈면 하빈남로 582,35.876803,128.397845
(주)태양레미콘,대구광역시 달성군 하빈면 하빈남로 574,35.875748,128.397873
주식회사 에이치씨보광산업,대구광역시 북구 유통단지로3길 40(산격동),35.907134,128.60391
(주)태성레미콘,대구광역시 달성군 하빈면 하빈남로104길 30-3,35.871804,128.39829
(주)한양레미콘,대구광역시 달서구 성서공단북로 369(장동),35.843335,128.513391
(주)대왕레미콘,대구광역시 수성구 욱수천로 54(욱수동),35.83306,128.711624
(주)수성레미콘,대구광역시 달서구 성서동로 289(장기동),35.846668,128.515168
(주)에이치씨보광알엠씨,대구광역시 달성군 현풍읍 현풍서로 114,35.694852,128.427483
(주)윤성산업개발,대구 달성군 하빈면 묘동길 199,35.903772,128.415982
주식회사 에이치씨홈센타레미콘,대구광역시 북구 노원로25길 65(노원동3가),35.901857,128.570246
한일에스디레미콘 주식회사,"대구광역시 동구 반야월로 266(동호동, 한일시멘트대구공장)",35.871056,128.716706
(주)에이치씨보광레미콘,대구광역시 달서구 성서공단로55길 42 (장동),35.840141,128.512891
(주)수성,대구광역시 달서구 성서동로 271(장동),35.845141,128.515252
신진레미콘(주),대구광역시 북구 3공단로 5(노원동3가),35.893163,128.553692
주식회사 에이치씨대동레미콘,대구광역시 동구 안심로59길 3(동호동),35.866918,128.717789
한일알엠씨 주식회사,대구광역시 달성군 화원읍 사문진로 384(한일시멘트서대구공장),35.806173,128.490754
(주)삼우 대구공장,대구광역시 수성구 달구벌대로 3285(신매동),35.837337,128.715429
(주)대경레미콘,대구광역시 달성군 논공읍 비슬로 1717,35.771343,128.413595
삼표레미콘 주식회사,대전광역시 대덕구 아리랑로 178(읍내동),36.372074,127.423093
대덕산업(주),대전광역시 대덕구 평촌2길 38(평촌동,36.434567,127.434925
한일시멘트(주)대전공장,대전광역시 대덕구 대화로52번안길 50,36.374435,127.407039
(주)공단레미콘,대전광역시 대덕구 대화로52번길 193(대화동),36.375852,127.409372
아세아시멘트(주)중부공장,대전광역시 대덕구 아리랑로55번길 60(신대동),36.382101,127.413344
아세아시멘트(주)대전공장,대전광역시 대덕구 방두말1길 25(평촌동),36.428568,127.42687
대전콘크리트(주),대전광역시 중구 단재로 380 (어남동),36.220258,127.417095
신화레미콘(주),대전광역시 유성구 금남구즉로 1379-12 (봉산동),36.44551,127.384818
(주)부국레미콘 대전,대전광역시 대덕구 대화로119번길 5,36.365325,127.408178
한밭레미콘(주),대전광역시 대덕구 대화로52번안길 112(대화동),36.373463,127.404484
한통레미콘 주식회사,부산광역시 남구 신선로 229(용당동),35.110977,129.089154
성진씨엠 주식회사,부산광역시 사하구 하신번영로 8(신평동),35.082729,128.960109
(주)삼표산업 서부산공장,부산광역시 사하구 감천항로 269(구평동),35.069036,128.991051
(주)세진레미콘,부산광역시 사상구 낙동대로815번길 46(감전동),35.133251,128.969053
(주)한국레미콘,부산광역시 사하구 을숙도대로 617(신평동),35.08584,128.973386
(주)표주레미콘,부산광역시 영도구 해양로 141(청학동),35.093145,129.069322
(주)동헌레미콘,부산광역시 강서구 명동길 47(지사동),35.14025,128.841369
항도레미콘(주),부산광역시 사하구 하신중앙로53번길 60(신평동),35.082562,128.958165
(주)성영레미콘,부산광역시 기장군 정관읍 산단5로 104-20,35.318788,129.20192
㈜미륭레미콘,부산광역시 남구 신선대산복로 30 (용당동),35.117615,129.098903
(주)부일레미콘,부산광역시 금정구 수원지로 24 (회동동),35.232769,129.121233
동부레미콘(주),부산광역시 기장군 정관읍 산단7로 7-42((주)부일레미콘),35.319954,129.207086
㈜동서산업,부산광역시 영도구 해양로 225(동삼동),35.086702,129.074183
(주)동양/건재부문 부산공장,부산광역시 서구 원양로 268(암남동),35.075064,129.006161
한일시멘트(주)부산공장,부산광역시 사상구 삼덕로 96,35.171553,128.987023
경동레미콘(주),"부산광역시 연제구 온천천남로 187(연산동, 외 1필지)",35.188607,129.110929
부산산업(주),부산광역시 사상구 장인로 35,35.14375,128.973108
쌍용레미콘(주)서부산사업소,부산광역시 사하구 하신중앙로 147(신평동),35.092172,128.962942
(주)장안레미콘,부산광역시 기장군 정관읍 산단5로 100-235,35.315844,129.205058
쌍용레미콘(주)동부산사업소,부산 기장군 정관읍 산단3로 92-49,35.315482,129.190587
(주)동양/건재부문 서부산공장,부산광역시 강서구 과학산단로 141,35.139639,128.848063
(주)동양/건재부문 정관공장,부산광역시 기장군 정관읍 산단7로 8-19,35.318482,129.202725
우신산업개발㈜기장공장,부산광역시 기장군 기장읍 차성로 171,35.231714,129.211558
천마콘크리트공업(주),서울특별시 강남구 헌릉로718길 14(세곡동),37.465808,127.119249
(주)삼표산업 풍납공장,서울특별시 송파구 토성로 5(풍납동),37.531939,127.112415
(주)신일씨엠,서울특별시 송파구 성남대로 1541-32 (장지동),37.468002,127.124248
아진산업㈜,세종특별자치시  장군면 평기산양길 29-4,36.532694,127.202445
성신레미컨(주)세종공장,세종특별자치시  부강면 부강외천로 48-37,36.521862,127.372263
한일산업(주)남청주공장,세종특별자치시  부강면 연청로 1147-26,36.532,127.401871
(주)대명산업레미콘,세종특별자치시  부강면 시목부강로 608,36.518946,127.379512
금창레미콘(주),세종특별자치시 금남면 금남구즉로 517,36.480839,127.332989
유진기업(주)세종,세종특별자치시 금남면 안금로 351-43,36.432455,127.274995
모현레미콘(주),세종특별자치시  부강면 부강금호로 98-25,36.516557,127.367819
한기레미콘(주),세종특별자치시  전의면 매실로 159,36.702035,127.196027
주안레미콘(주),세종특별자치시 부강면 금병로 1263-112,36.520501,127.363875
주식회사 한덕개발,세종특별자치시  전동면 솔티로 654,36.652374,127.215581
신우레미콘산업 주식회사,울산광역시 북구 대안1길 310(대안동),35.642725,129.412426
(주)대공 레미콘영업소,울산광역시 울주군 상북면 천전3길 31,35.57087,129.104842
울산레미콘(주),울산광역시 북구 효암로 176(효문동),35.5634,129.364792
쌍용레미콘(주)울산사업소,울산광역시 남구 부두로 167(매암동),35.523711,129.36932
한진레미콘(주),울산광역시 울주군 웅촌면 원당골길 72,35.473993,129.211084
(주)대원레미콘,울산광역시 울주군 언양읍 반천강변길 20,35.5609,129.188307
신우레미콘(주),울산광역시 울주군 삼동면 삼동로 1345,35.510544,129.197723
신아레미콘(주),울산광역시 울주군 온산읍 당월로 126,35.414973,129.354405
(주)대원씨앤엠장생포지점,울산광역시 남구 장생포로 389(매암동),35.508712,129.383346
대성레미콘(주),울산광역시 북구 괴정1길 58,35.638892,129.354431
용호산업주식회사,울산광역시 울주군 범서읍 정지불길 63-6,35.611033,129.237219
한라엔컴(ENCOM)(주)울산사업소,울산광역시 남구 부두로 37(매암동),35.516295,129.368209
(주)동양/건재부문 울산공장,울산광역시 울주군 웅촌면 웅촌로 607-31,35.480325,129.214806
한라엔컴(ENCOM)(주)온산사업소,울산광역시 울주군 온산읍 석당길 29-14,35.43472,129.33524
한국흄관공업(주),울산광역시 남구 처용로 678 (황성동),35.466939,129.354488
덕적레미콘,인천광역시 옹진군 덕적면 덕적북로 62-1,37.228385,126.150949
주식회사 삼기레미콘,인천광역시 남동구 남동대로262번길 40(논현동),37.406701,126.702037
(주)삼표산업 서인천공장,"인천광역시 서구 가람로 33(오류동, (주)가야)",37.587624,126.60135
신공항레미콘(주),인천광역시 중구 영종해안북로702번길 115-95(운서동),37.491801,126.45092
한일시멘트(주)서인천공장,인천광역시 서구 봉수대로501번길 37,37.51966,126.657707
쌍용레미콘(주)인천사업소,인천광역시 중구 서해대로93번길 26(항동7가),37.440141,126.615628
(주)반도유스콘,인천광역시 서구 봉수대로 296(석남동),37.502218,126.662206
아주산업(주)인천공장,인천광역시 서구 중봉대로198번길 2(가좌동),37.496274,126.650235
교동레미콘(주),인천광역시 강화군 교동면 교동남로 316(교동레미콘),37.77449,126.304764
유진기업(주)송도,인천광역시 남동구 에코중앙로 11(고잔동),37.386426,126.712425
유진기업(주)인천,인천광역시 동구 방축로62번길 37(송림동),37.483081,126.651541
케이와이PC(주),"인천광역시 서구 가람로 24(오류동, 외 가람로25번지)",37.586569,126.599128
성진레미콘(주),인천광역시 남동구 논현고잔로147번길 7(고잔동),37.396369,126.713814
주식회사 장원산업,인천광역시 서구 봉수대로501번길 38(원창동),37.522215,126.658457
(주)반도유니콘,인천광역시 서구 이든로 31(오류동),37.589207,126.61821
(주)미래해운(연평레미콘공장),인천 옹진군 연평면 연평로 715-1,37.656695,125.691071
인천레미콘(주),인천광역시 서구 건지로153번길 25-5(석남동),37.500746,126.656874
주식회사 우리옹진레미콘,인천광역시 옹진군 백령면 백령로260번길 306,37.967904,124.730212
(주)삼표산업 송도공장,인천광역시 남동구 청능대로 558,37.399647,126.721202
동서에너지 주식회사,인천 옹진군 백령면 백령남로 135,37.959738,124.712603
광진레미콘(주),인천광역시 옹진군 백령면 백령남로 1072,37.945295,124.654192
(주)삼표산업 인천공장,인천광역시 서구 백범로 790(가좌동),37.485192,126.66965
(주)서경산업,인천광역시 강화군 불은면 강화동로 372,37.67203,126.490081
주식회사 쌍용레미콘영종,"인천광역시 중구 영종해안북로702번길 115-95(운서동, 신공항레미콘(주))",37.491801,126.45092
유진기업(주)서인천,인천광역시 서구 약암로 1 (오류동),37.566377,126.592879
(주)삼덕,인천광역시 서구 두루물로 72(오류동),37.583847,126.628681
한밭레미콘(주),인천광역시 서구 가정로 13(가좌동),37.486664,126.6709
주식회사 인광이에스,인천광역시 서구 검단천로 149-1(오류동),37.584791,126.595351
(주)동양/건재부문 인천공장,인천광역시 서구 중봉대로386번길 19(원창동),37.514466,126.651207
(주)강원,인천광역시 미추홀구 매소홀로 248(학익동),37.444419,126.650958
(주)장원(인천공장지점),인천광역시 남동구 남동대로262번길 30-37(논현동),37.405729,126.70162
경서레미콘(유),전라남도 영암군 학산면 녹색로 3026,34.697898,126.670839
(주)힘찬레미콘,전라남도 강진군 성전면 강진산단로 158-26,34.676373,126.741194
유광레미콘주식회사,전라남도 완도군 금일읍 궁항길 67,34.339995,127.06003
(주)대방레미콘,전라남도 순천시 별량면 녹색로 971-5,34.880215,127.454464
(주)신우 마복레미콘,전라남도 고흥군 포두면 우주로 1600-43,34.546307,127.405971
(주)강동알엔에이,전라남도 함평군 함평읍 함영로 1685-50,35.112739,126.488019
두원산업(주),전라남도 순천시 해룡면 해룡산단3로 101,34.903518,127.559038
현대콘크리트산업 유한회사,전라남도 목포시 대양산단로200번길 33(대양동),34.83852,126.404945
유한회사 대상인더스트리,전라남도 목포시 대양산단로200번길 39(대양동),34.838159,126.405334
(주)태우레미콘,전라남도 여수시 묘도9길 486(묘도동),34.887882,127.745244
퍼스트산업(주),"전남 장흥군 장평면 농공단지길 54 가,나동",34.805609,126.93251
주식회사 에코닉스레미콘,전라남도 함평군 함평읍 함영로 1685-26,35.113267,126.48913
남도산업(주),전라남도 보성군 미력면 농공길 16,34.797,127.087441
유한회사 송림산업,전라남도 신안군 장산면 장산동면길 419(송림산업),34.630931,126.184216
팔영레미콘(주),전라남도 고흥군 도덕면 차경구렁목길 11,34.559027,127.159464
(유)썬레미콘(목포지점),전라남도 목포시 선곡로 8(옥암동),34.815828,126.429943
(유)오성레미콘,전라남도 무안군 청계면 강정길 67-21,34.93587,126.403583
(주)일강레미콘,전라남도 해남군 북평면 땅끝해안로 4143,34.409069,126.62229
(주)대산아레콘,전라남도 영암군 삼호읍 나불로 373,34.758501,126.42225
(주)보광산업,전라남도 담양군 대덕면 용산로 516-70,35.225646,127.078383
주식회사 강동레미콘에이치에스(HS),전라남도 화순군 화순읍 정곡로 140-23,35.045472,126.950701
(주)무궁화레미콘,전라남도 신안군 임자면 임자로 124,35.085657,126.10958
남부산업㈜,전라남도 해남군 마산면 명량로 2799,34.587382,126.560405
(주)강동레미콘,전라남도 순천시 해룡면 여순로 1377,34.906629,127.548011
(주)광양레미콘,전라남도 광양시 산업로 292(태인동),34.944515,127.766603
(주)미래,전라남도 나주시 다도면 다남로 192,34.985894,126.848377
도원레미콘주식회사,전라남도 함평군 해보면 해보월현길 114-66,35.170039,126.568456
(유)송림산업 안좌지점,전라남도 신안군 안좌면 감바위길 172-26,34.708617,126.155579
중앙산업(주),전라남도 영광군 영광읍 군서로 392,35.280359,126.481991
(유)남해레미콘,전라남도 무안군 청계면 영산로 2009-15,34.93662,126.433831
(주)아산레미콘,전라남도 순천시 별량면 녹색로 154,34.84233,127.395053
주식회사 장흥레미콘,전라남도 장흥군 안양면 남부관광로 500-23,34.662653,126.954065
주식회사 금호산업,전라남도 해남군 화산면 해남화산로 829,34.507474,126.528242
(주)삼호산업,전라남도 해남군 산이면 산이로 1985,34.695341,126.40939
썬레미콘 주식회사,전라남도 영광군 군서면 백수로 1559,35.283831,126.47638
(주)고려레미콘,전라남도 광양시 광양읍 초남2공단1길 55,34.94282,127.605617
주식회사 서흥산업,전라남도 광양시  태인3길 95(태인동),34.938349,127.763048
(주)남향레미콘,전라남도 해남군 해남읍 용머리길 21-12,34.561552,126.587514
동양레미콘(주),전라남도 광양시 용장길 60 (성황동),34.944737,127.670917
한성레미콘(주),전라남도 광양시 제철로 653(황금동),34.918045,127.624199
(주)신성,전라남도 화순군 춘양면 개천로 571,34.934762,126.953313
신진레미콘(주),전라남도 영광군 군서면 함영로 3174,35.234531,126.501239
(주)동방레미콘,전라남도 곡성군 곡성읍 곡성로 548-3,35.261032,127.276088
천일산업(주),전라남도 영암군 삼호읍 용앙로 492,34.75739,126.418389
아산레미콘(주),전라남도 나주시 봉황면 영나로 1758,34.942204,126.753053
광현레미콘(주),전라남도 광양시 광양읍 제철로 315-60,34.935876,127.612339
디에스산업 주식회사,전라남도 장흥군 장평면 농공단지길 46-29,34.805415,126.93126
현대아이콘(주),전라남도 곡성군 겸면 곡순로 2068,35.267725,127.155932
한국아레콘 주식회사,전라남도 영암군 삼호읍 용앙로 466,34.755363,126.419528
(유)썬레미콘,전라남도 영암군 삼호읍 삼포로 125,34.740003,126.393474
미래레미콘(주),전라남도 영암군 삼호읍 용앙로 474,34.755751,126.419139
(유)동양레미콘,전라남도 목포시 대양로 238,34.825438,126.404223
(주)성암,전라남도 장성군 동화면 본동로 1033-23,35.233255,126.70786
주식회사 대원레미콘,전라남도 나주시 남평읍 나주호로 738-32,34.984034,126.887068
(주)대경산업,전라남도 영암군 미암면 선황리 504-1,34.71559,126.581736
(유)송백건설 (신안지점),전라남도 신안군 암태면 중부로 1499,34.801189,126.116859
대신개발㈜,전남 진도군 임회면 광석길 136,34.431703,126.233185
㈜동방산업,전라남도 구례군 마산면 광평리 831-7,35.204901,127.490014
(주)노화미래레미콘,전라남도 완도군 노화읍 송원길 30,34.207897,126.600071
제석기업(주),전라남도 보성군 벌교읍 남하로 161,34.829442,127.358445
삼원기업(주),전라남도 순천시 해촌길 19(조례동),34.965845,127.547816
(주)대덕레미콘,전라남도 담양군 대덕면 금산길 406,35.265614,127.048136
(유)신안레미콘,전라남도 신안군 지도읍 동천길 1106-24,35.05855,126.243985
한양레미콘(주),전라남도 무안군 삼향읍 수련길 149,34.8646,126.436831
(주)남일레미콘,전라남도 강진군 도암면 백도로 2049,34.557136,126.724141
유한회사 대운레미콘,전라남도 목포시 대양로 244(대양동),34.825021,126.40389
뉴신화레미콘(주),전라남도 여수시 여수산단로 567(중흥동),34.829,127.683056
(주)광남레미콘,전라남도 화순군 화순읍 서태리 198-3,35.033806,126.947924
동국레미콘(주),전라남도 해남군 황산면 명량로 2450,34.58816,126.525131
(주)우성산업,전라남도 여수시 만성로184-20(만흥동),34.772145,127.717914
하나레미콘(주),전라남도 진도군 군내면 대사길 114,34.555079,126.29004
주식회사 창운,전라남도 나주시 남평읍 지석로 474,35.011142,126.849599
뉴그린레미콘(주),전라남도 여수시 율촌면 취적1길 39-135,34.85258,127.584064
(주)바나레미콘,전라남도 여수시 여수산단로 203(월하동),34.802586,127.663502
㈜동남레미콘,전라남도 강진군 칠량면 청자로 744,34.582078,126.795663
주식회사 강동레미콘제이에스,전라남도 장성군 서삼면 봉암로 546,35.349575,126.775798
호성산업(주),전라남도 순천시 서면 산단4길 56,34.984037,127.511347
㈜기찬레미콘,전라남도 영암군 덕진면 예향로 1860-17,34.831994,126.695725
한라엔컴(ENCOM)(주)담양사업소,전라남도 담양군 봉산면 제월길 216-38,35.282556,126.972781
(주)대보레미콘,전라남도 함평군 함평읍 함영로 1685-42,35.113656,126.488297
청해개발(주),전라남도 완도군 완도읍 청해진서로 1037-244,34.319468,126.674425
조양산업(주),전라남도 여수시 여수산단로 292-16(월하동),34.805002,127.671085
금남산업(주),전라남도 여수시 율촌면 봉정길 76,34.854968,127.595397
㈜한진레미콘,전라남도 장성군 서삼면 용흥리 152-2,35.312885,126.766021
동일산업(주),전라남도 담양군 금성면 금성산성길 71,35.354243,127.028025
진남레미콘(주),전라남도 여수시 율촌면 여순로 799,34.868967,127.586231
제암레미콘(주),전라남도 보성군 보성읍 흥성로 2121,34.758699,127.04614
유한회사해국레미콘,전라남도 완도군 노화읍 구석리 783,34.206758,126.601682
(주)대화레미콘,전라남도 담양군 봉산면 제월길 216-36,35.283139,126.973781
대한레미콘(주),전라남도 나주시 청동길 134,35.044221,126.732637
(주)중경산업,전라남도 나주시 봉황면 도천로 184-79,34.962897,126.822324
보성레미콘(주),전라남도 보성군 미력면 보성강로 135,34.796945,127.101218
구례레미콘(주),전라남도 구례군 간전면 간전농공단지길 3-7,35.180654,127.538538
㈜남도산업,전라남도 진도군 고군면 진도대로 586-10,34.471338,126.359285
중원산업(주),전라남도 광양시 광양읍 백운로 549-10,34.96704,127.643003
㈜신우레미콘,전라남도 고흥군 두원면 용반리 568-3,34.641463,127.305035
영광레미콘(주),전라남도 영광군 영광읍 영대로 364,35.287387,126.524654
유진기업(주)나주지점,전라남도 나주시 남평읍 교원교촌길 22-104,35.032556,126.840767
대림레미콘㈜,전라남도 장성군 동화면 구봉길 57-6,35.240865,126.714721
㈜푸른레미콘,전라남도 장흥군 안양면 남부관광로 446-31,34.667014,126.951232
(주)남부레미콘,전남 화순군 동면 응봉로 489,35.020225,127.018751
(주)신흥콘크리트,전라남도 영암군 삼호면 난전리 1707-2,34.756585,126.419222
(유)서부ENC,전라남도 무안군 청계면 영산로 2009-16,34.936981,126.433608
대성산업(주),"전라남도 장흥군 장동면 흥성로 1442, (총 3필지)",34.742395,126.990367
(주)칠산레미콘,전라남도 영광군 법성면 덕흥리 214번,35.334048,126.473324
주식회사 일화,전라남도 고흥군 금산면 거금일주로 2740,34.482452,127.169436
대승산업 주식회사,전라남도 영광군 군서면 백수로17길 26,35.280304,126.477824
광주알엠씨(주),전라남도 장성군 동화면 구봉길 5,35.234588,126.712304
(주)청림안앤씨,"전라남도 광양시 백운1로 136(태인동, 전국산업(주),(주)대영통운)",34.940265,127.757743
현대알엠씨(주),전라남도 고흥군 두원면 고흥로 2104,34.635102,127.299007
㈜신화레미콘,전남 강진군 성전면 별뫼로 2,34.697815,126.673284
(주)송강레미콘,전라남도 신안군 지도읍 해제지도로 1140,35.059439,126.221348
유한회사 지에스,전남 곡성군 오곡면 섬진강로 2074-1,35.267088,127.331138
대신산업㈜,전라남도 진도군 진도읍 쉬미항로 322-129,34.48542,126.216353
일성레미콘(주),전라남도 순천시 서면 청소길 177,35.017616,127.501959
(유)왕성레미콘,전라남도 신안군 도초면 발매리 49,34.709477,125.936237
(주)현대레미콘,전라남도 고흥군 동강면 동강신정길 11(사무소),34.797418,127.338586
삼표레미콘 주식회사 남광주공장,전라남도 나주시 금천면 영산로 5576-31((주)삼성레미콘),35.032361,126.739414
(주)대경,전라남도 순천시 서면 구상리 149-1,34.98662,127.54765
㈜일복,전라남도 고흥군 점암면 해창로 472(469-3(2필지)),34.63938,127.379861
(주)와이엔텍호남레미콘,전라남도 여수시 여수산단2로 6(주삼동),34.800642,127.657725
주식회사 성광산업,전라남도 광양시 진월면 섬진강매화로 277-24,34.995426,127.774241
나성레미콘(주),전라남도 나주시 산포면 산포로 9(나성레미콘(주)),35.003226,126.809464
(주)동양콘크리트,전라남도 나주시 다시면 월태월천길 11,35.021112,126.636507
목포레미콘(주),전라남도 무안군 청계면 영산로 1525-25,34.897569,126.429692
유한회사 정원레미콘,전북특별자치도 부안군 주산면 사기점길 99,35.655596,126.691775
삼표레미콘 주식회사 군산공장,전북특별자치도 군산시 외항로 414(소룡동),35.967088,126.624306
중앙레미콘 주식회사,전라북도 정읍시 정우면 정신로 691,35.652486,126.875148
(주)경동레미콘,"전라북도 남원시 보절면 보산로 816(㈜신흥,㈜드레곤)",35.504534,127.407602
(주) 하나에너지,"전라북도 군산시 군산산단로 143-48(비응도동, ㈜하나에너지)",35.9572,126.535814
(유)호원레미콘,전라북도 군산시 임피면 남산로 181-19(건흥레미콘),35.970839,126.858758
유한회사 강동레미콘제이이(JE),전라북도 정읍시 태인면 태인공단1길 23,35.659486,126.934476
조선콘크리트공업(주),전라북도 김제시 선인길 14(백학동),35.81744,126.941196
유한회사 남원레미콘,전라북도 남원시 대산면 대사로 240-20,35.422209,127.327193
유한회사 대진레미콘,전라북도 고창군 신림면 고인돌대로 2492,35.500752,126.699553
(주)동광레미콘,전북 군산시  외항7길 4 (소룡동),35.966783,126.622834
유한회사 창명레미콘,전라북도 부안군 상서면 고인돌로 197,35.700285,126.667499
주식회사 금산씨알에이,전라북도 김제시 금산면 금평로 311,35.725229,126.990415
(주)강동레미콘케이제이(KJ),전라북도 김제시 금구면 광현1길 84-36,35.786222,127.010246
(유)코리아,전라북도 김제시 금구면 옥성리 484,35.787833,126.987164
(유)대산레미콘,전라북도 군산시 외항로330,35.968477,126.632806
(유)호경 완주지점,전라북도 완주군 봉동읍 제내리 143,35.980395,127.129039
(유)쌍용레미콘,전라북도 부안군 동진면 석정로 38,35.742614,126.731271
유한회사 도형레미콘,전북 익산시  황등면 석재길 23,35.999975,126.95236
(유)용마,전라북도 고창군 해리면 선운대로 1325,35.481448,126.520347
(주)강동콘크리트,전라북도 완주군 상관면 신리로 153,35.774363,127.203895
한성레미콘 주식회사,전라북도 익산시 춘포면 증보들길 302-33,35.945121,127.04913
선연레미콘(주),전라북도 군산시 옥서면 선연리 202-12,35.929092,126.626862
㈜현대콘크리트,전라북도 김제시 금구면 금구리 250,35.78225,127.007857
정안레미콘(주),전라북도 정읍시 정우면 정신로 685,35.65107,126.874981
(주)거산,전라북도 임실군 신평면 대리 80,35.655627,127.272446
(주)동남,전북특별자치도 장수군 번암면 장수로 153,35.506756,127.529952
(주)동방,전북특별자치도 전주시 덕진구 혁신로 616(여의동),35.86713,127.071934
(주)백마,전라북도 고창군 신림면 왕림로 408,35.486476,126.72544
옥천레미콘(주),전라북도 순창군 순창읍 인덕로 99,35.400683,127.140487
(유)코리아레미콘,전북특별자치도 익산시 춘포면 궁성로 194,35.929178,127.050408
동광재활용산업(주),전라북도 순창군 금과면 대각길 19-52,35.309887,127.100936
(유)토석산업,전라북도 익산시 오산면 군익로 342,35.948036,126.924946
(주)팔마,전라북도 완주군 봉동읍 봉동로 678-74,35.973451,127.128289
(유)신성레미콘,전라북도 고창군 흥덕면 사포리 499-1,35.533971,126.697998
(유)대호산업,전라북도 군산시 옥구읍 상평로 161,35.924788,126.702022
(주)대연콘크리트,전라북도 전주시 덕진구 야전1길 24(팔복동4가),35.863214,127.103348
에이알레미콘(주),전라북도 장수군 장계면 육십령로 735-33,35.729343,127.64894
(주)동양/건재부문 군산공장,"전라북도 군산시 외항로 466(소룡동,(25-4))",35.967171,126.618835
(주)대동남,전라북도 익산시 팔봉동 368-5,35.968979,127.015605
주식회사 서부,전라북도 익산시 왕궁면 제석사지로 359,35.966118,127.082321
남신레미콘(주),전라북도 남원시 광석길 75-3(광치동),35.440846,127.382577
(유)삼성,전라북도 남원시 송동면 노송로 715-66,35.366104,127.341331
유한회사 O.K,전라북도 진안군 진안읍 반월길 39,35.768532,127.43793
(주)두리로드 레미콘지점,전라북도 무주군 무주읍 원용포길 43,35.993924,127.627828
(유)삼보콘크리트,전라북도 완주군 구이면 안덕리 304-1,35.680762,127.092684
한성기업 주식회사,전라북도 김제시 금산면 금평로 327,35.727645,126.988332
(주)대원산업,전라북도 군산시 외항로 326(소룡동),35.969671,126.634305
유진기업(주)군산,전라북도 군산시 외항안길 210,35.969227,126.623473
(유)고창레미콘,전라북도 고창군 고수면 고인돌대로 1074-1,35.385237,126.659641
(유)미래레미콘,전라북도 고창군 고수면 고인돌대로 1066(미래레미콘),35.384432,126.659197
(주)신우알앤씨,전라북도 김제시 용지면 용지로 149,35.832716,126.943862
(주)덕산레미콘,전라북도 익산시 함열읍 미륵사지로 1170,36.064162,126.97458
금정레미콘(주),전라북도 남원시 주생면 금풍로 47,35.373603,127.30789
삼성콘크리트공업(주),전라북도 정읍시 공단2길 56,35.611602,126.844678
서부레미콘,전라북도 완주군 이서면 콩쥐팥쥐로 999,35.821329,127.00919
(주)만수산업,전라북도 정읍시 고부면 영원로 172-64,35.593798,126.800405
(유)호서콘크리트,전라북도 임실군 오수면 오수로 441,35.55786,127.313915
(주)하나레미콘,전북특별자치도 군산시 임해로 441(소룡동),35.973226,126.628639
강천산업 유한회사,전라북도 순창군 팔덕면 강천로 228-5,35.385267,127.101908
제일콘크리트공업(주),전라북도 완주군 이서면 이문길 105-65,35.824634,127.000274
(유)청솔산업,전라북도 무주군 안성면 진성로 2502-41,35.866883,127.64044
(유)대신레미콘,전북 군산시  외항7길 28-5(소룡동),35.96931,126.622084
(유)삼성레미콘,전라북도 부안군 주산면 종유로 140-64 외 2필지,35.650374,126.68222
(유)성원레미콘,전라북도 완주군 소양면 전진로 910,35.851716,127.256835
(유)대명산업,전라북도 고창군 신림면 법지리 436-1,35.50628,126.699303
유한회사 디에스레미콘,전라북도 부안군 동진면 고마제윗길 75,35.740753,126.746103
(주)도시레미콘,전북 부안군 상서면 고인돌로 211,35.701563,126.667221
태금콘크리트(주),전북 진안군 진안읍 금마길 152,35.768476,127.440791
(주)반석레미콘,전라북도 진안군 용담면 안용로 1196,35.980536,127.516255
아성레미콘 유한회사,전북특별자치도 남원시 주천면 쑥고개로 688(아성레미콘),35.379825,127.434351
(주)동양/건재부문 전주공장,전라북도 완주군 봉동읍 봉동로 453-30,35.953704,127.145816
(유)새만금산업,전라북도 부안군 동진면 석정로 36,35.742475,126.732382
(주)신흥산업,제주특별자치도 제주시 애월읍 중산간서로 5897-1,33.453673,126.361735
주식회사 화북레미콘,제주특별자치도 제주시 청풍남8길 52(화북이동),33.515251,126.571522
(주)부일레미콘,"제주특별자치도 제주시 구좌읍 월행남길 111, 103동",33.542193,126.789281
세기산업(주),제주특별자치도 제주시 고내로13길 22,33.466172,126.345181
오성산업(주),제주특별자치도 제주시 애월읍 광령평화2길 129-1,33.434565,126.43534
오성레미콘(주),제주특별자치도 제주시 사라길 48(도평동),33.46895,126.452727
주식회사 동흥레미콘,제주특별자치도 제주시 애월읍 장소로 413,33.417178,126.384289
신흥레미콘(주),제주특별자치도 제주시 애월읍 중산간서로 5897-1,33.453673,126.361735
(주)한라콘크리트,제주특별자치도 서귀포시 세성로 212번길 134,33.321218,126.810225
(주)동양/건재부문 제주공장,제주특별자치도 제주시 선반로14길 10(화북일동),33.514556,126.568578
(주)진일산업,제주특별자치도 제주시 조천읍 대와상길 71,33.495114,126.645155
세기레미콘(주),제주특별자치도 서귀포시 소보리당로 164번길125(상예동),33.269499,126.382068
(주)낙원레미콘,제주특별자치도 서귀포시 표선면 세성로 114-26,33.318162,126.803948
성수레미콘㈜,제주특별자치도 서귀포시 성산읍 수산리 4518,33.432205,126.828334
(주)동신레미콘,제주특별자치도 제주시 송이길 176(회천동),33.466062,126.62624
㈜제주레미콘,제주특별자치도 제주시 선반로8길 17(화북일동),33.513445,126.565412
(주)한라,제주특별자치도 서귀포시 토평공단로107번길 1 (토평동),33.291081,126.5843
(주)한송,제주특별자치도 제주시 애월읍 고성8길 1,33.448619,126.41873
(주)오성,제주특별자치도 제주시 조천읍 북촌4길 73,33.540082,126.690095
㈜서일레미콘,제주특별자치도 서귀포시 표선면 돈오름로 130-52,33.328939,126.809364
(주)백록레미콘,제주특별자치도 제주시 조천읍 함덕리 산65-2,33.528278,126.68854
주식회사 세창레미콘,제주특별자치도 제주시 애월읍 장소로 413,33.417178,126.384289
이도에코한림 주식회사,제주특별자치도 제주시 한림읍 홀못길 94-40,33.366488,126.281548
오성콘크리트(주),제주특별자치도 서귀포시 토평공단로155번길 21(토평동),33.293081,126.580134
(주)한송산업,제주특별자치도 서귀포시 안덕면 서광동로34번길 82-6,33.290886,126.338238
(주)성일레미콘,제주특별자치도 서귀포시 안덕면 화순서동로56번길 258-3,33.275193,126.334738
주식회사 한솔케이콘,충청남도 천안시 서북구 입장면 연곡길 177,36.925843,127.206746
삼표레미콘 주식회사 당진공장,충청남도 당진시 신평면 신평길 225-206,36.886567,126.786645
주식회사 은성레미콘,충청남도 공주시 의당면 의당전의로 803-79,36.547358,127.176447
주식회사 도현,충청남도 당진시 석문면 산단7로 528,37.011302,126.557359
정안레미콘아스콘 주식회사,충청남도 천안시 동남구 광덕면 대평교길 48(용원래미콘),36.673288,127.15392
주식회사 호성레미콘,충청남도 아산시 염치읍 아산로710번길 86-6,36.837019,126.974184
은성레미콘산업(주),충청남도 태안군 태안읍 굴포길 10,36.770328,126.348297
대주산업(주),충청남도 금산군 진산면 실학로 463,36.199649,127.358545
고려산업케이알(주),충청남도 공주시 선유동길 32-19(송선동),36.491115,127.162198
주식회사 석준,충청남도 당진시 석문면 산단8로 485,37.012107,126.558415
(주)은성산업,충청남도 천안시 동남구 병천면 매봉로 249,36.745614,127.312655
명진레미콘(주),충청남도 논산시 벌곡로 113-37,36.215258,127.276135
당진기업(주),충청남도 당진시 고대면 고대로 158(당진기업),36.931144,126.59494
(주)성신레미콘,충청남도 논산시 은진면 매죽헌로 556-5,36.132155,127.138509
주식회사 탑스레미콘,충청남도 부여군 임천면 충절로 1101,36.182759,126.893142
보명레미콘(주),충청남도 예산군 신양면 서계양배약길 22,36.613904,126.849559
한선기업(주),충청남도 당진시 신평면 신평길 276,36.881596,126.790256
송우산업 주식회사,충청남도 태안군 원북면 발전로 316,36.890897,126.228834
고려산업 주식회사,충청남도 아산시 음봉면 월암로 376,36.868849,127.077369
주식회사 동림레미콘,충청남도 공주시 신풍면 영정길 88,36.513861,126.984409
(주)선우,충청남도 서산시 해미면 한티1길 75,36.681284,126.591748
주식회사 선진,충청남도 금산군 추부면 금산로 2278,36.167681,127.475646
아세아레미콘㈜아산공장,충청남도 아산시 음봉면 음봉로 233,36.845657,127.037373
한영레미콘(주),충청북도 청주시 청원구 북이면 내추옥수길 92,36.766086,127.558772
(주)한솔기업,충청남도 보령시 옥마로 124 (명천동),36.341712,126.625248
서해산업(주),충청남도 태안군 근흥면 서해로 1257-13,36.765301,126.257971
(주)국광,충청남도 천안시 동남구 풍세로 575 (신방동),36.765,127.128977
(주)제일사,충청남도 보령시 천북면 천광로 589-23,36.495694,126.583778
(주)보령레미콘,충청남도 보령시 미산면 도화담안길 62-12,36.300634,126.675466
연산레미콘(주),충청남도 논산시 부적면 감곡1길 38-23(신흑동) 외 2필지,36.207786,127.1732
선진레미콘(주),충청남도 금산군 복수면 다복로 123-42,36.166153,127.412318
태성레미콘(주),충청남도 공주시 계룡면 기산방죽골길 20,36.384571,127.147423
(주)삼진산업,충청남도 부여군 내산면 성충로 826,36.283608,126.772096
주식회사 장헌,충청남도 당진시 고대면 성산로 464,36.986832,126.575191
서호산업 주식회사,충청남도 태안군 남면 달산포로 7,36.645342,126.306274
(주)보창레미콘,충청남도 보령시 성주면 만수로 878-123,36.285774,126.648329
삼원레미콘(주),충청남도 논산시 광석면 사계로 90,36.237948,127.047433
서우산업(주),충청남도 서산시 성연면 한월당로 1080-14,36.817351,126.432483
아산레미콘㈜,충청남도 아산시 탕정면 삼성로 299-51,36.823382,127.074342
(주)동양/건재부문 아산공장,충청남도 아산시 영인면 아산온천로 16-99,36.848712,126.963157
(주)모헨즈 당진공장,충청남도 당진시 면천로 98-23(구룡동),36.829767,126.615605
(주)건양,충청남도 보령시 남포면 양기리 285-1,36.262582,126.562587
정우레미콘 주식회사,충청남도 예산군 봉산면 봉산로 300-15,36.743278,126.682822
한일산업(주)아산공장,충청남도 아산시 염치읍 아산로 505,36.819743,126.969685
우진산업(주),충청남도 공주시 반포면 송곡로 167-25,36.407458,127.26144
민국레미콘 주식회사,충청남도 서천군 마서면 원송로 195-47,36.021832,126.71452
고려산업 주식회사,충청남도 당진시 석문면 산단7로1길 133,37.01719,126.572913
(주)동원레미콘 세종,"충청남도 공주시 반포면 반포세종로 256 ,1층",36.409402,127.26069
(주)한덕산업,충청남도 천안시 서북구 직산읍 성진로 417,36.912178,127.177165
(주)한솔,충청남도 홍성군 홍동면 광금남로 891,36.57127,126.704183
한라엔컴(ENCOM)(주)천안사업소,충청남도 아산시 배방읍 봉강천로 131,36.765611,127.088536
(주)신일레미콘,충청남도 아산시 음봉면 음봉면로30번길 110,36.846907,127.02318
현대레미콘,충청남도 부여군 석성면 금백로 166-13,36.223283,127.000576
주안레미콘(주),충청남도 계룡시 엄사면 계백로 2906-27,36.264946,127.234694
서인산업(주),충청남도 서산시 팔봉면 팔봉1로 210,36.798214,126.357434
석산레미콘(주),충청남도 당진시 순성면 대촌2길 26,36.812631,126.684461
금성레미콘(주),충청남도 논산시 성동면 산업단지로1길 85,36.222783,127.043045
삼표레미콘 주식회사 아산공장,충청남도 아산시 음봉면 음봉면로 132,36.856794,127.01743
주식회사 아산레미콘,충청남도 당진시 정미면 정미로 856-27(아산레미콘당진공장),36.897259,126.571248
한솔레미콘 주식회사,충청남도 논산시 연산면 계백송정3길 44,36.222062,127.230945
(주)삼진레미콘,충청남도 청양군 화성면 대청로 577,36.447145,126.739098
(주)대명레미콘,충청남도 공주시 이인면 금광로 238,36.342881,127.069986
유진기업(주) 천안,충청남도 천안시 동남구 풍세면 풍세로 550,36.761806,127.128755
천마레미콘(주),충청남도 홍성군 갈산면 내포로1724번길 8,36.642872,126.536336
(주)한솔산업,충청남도 아산시 신창면 학성로 89,36.784469,126.916357
(주)우림콘텍,충청남도 홍성군 갈산면 내포로1721번길 20,36.641483,126.532392
에스와이삼성레미콘 주식회사,충청남도 아산시 배방읍 배방산길 72,36.763527,127.047984
알파특수콘크리트(주),충청남도 공주시 탄천면 만마름길 273,36.315717,127.05146
주식회사 한솔알엠씨,충남 공주시 반포면 송곡로 167-3,36.405181,127.262107
성신기업 주식회사,충청남도 공주시 우성면 공수원로3-86,36.441453,127.025239
제일레미콘(주),충청남도 청양군 비봉면 록평용당로 575-20,36.508916,126.767733
고려그린믹스(주),충청남도 아산시 영인면 영인산로 459,36.856905,126.925939
석문산업(주),충청남도 당진시 석문면 산단7로4길 67 2층,37.010913,126.559942
한일산업(주)서산공장,충청남도 서산시 음암면 장나다리길 48,36.749193,126.509171
주식회사한선레미콘,충청남도 예산군 신암면 오신로 705,36.732696,126.801256
내포알엠씨(주),충청남도 홍성군 갈산면 수덕사로317번길 137-91,36.630651,126.579527
대명알엠씨 주식회사,충청남도 공주시 우성면 질마고개길 46,36.474061,127.08965
서산산업,충청남도 서산시 해미면 산수로 137-24,36.699226,126.573888
(주)인광산업,충청남도 당진시 정미면 상구실로 179,36.89101,126.588496
(주)성우레미콘,충남 금산군 추부면 대학로 251,36.196539,127.452481
대한레미콘주식회사,충청남도 부여군 석성면 왕릉로 619,36.259362,126.995715
(주)모헨즈,충청남도 천안시 동남구 풍세면 잔다리길 56,36.75489,127.121866
고려산업(주) 화성공장,경기도 화성시 팔탄면 푸른들판로 570,37.159453,126.899271
서림레미콘 주식회사,충청남도 서천군 비인면 갯벌체험로695번길 138-18(덕원레미콘),36.12532,126.607279
제일개발(주),충청남도 보령시 오천면 충청수영로 467,36.44195,126.551503
주식회사 대왕,충청남도 아산시 염치읍 아산로 645-50,36.826075,126.967852
한국레미콘(주),충청남도 논산시 벌곡면 황룡재로 358,36.209175,127.243027
한라엔컴(ENCOM)(주)당진사업소,충청남도 당진시 면천면 면천로 741-1,36.81938,126.675072
제일산업(주),충청남도 홍성군 홍북읍 충서로 2524,36.643817,126.750401
서원산업(주),충청남도 태안군 남면 안면대로 1695,36.608874,126.317495
우석종합건설(주)우석레미콘,충청남도 예산군 응봉면 충서로 25-24,36.647122,126.750512
서전산업(주),충청남도 서산시 팔봉면 서해로 2636-9,36.782327,126.38146
대호산업㈜,충청남도 서산시 대산읍 충의로 2813,36.997053,126.44523
금당레미콘 주식회사,충청남도 홍성군 구항면 충서로966번길 48,36.562493,126.653438
우전산업(주),충청남도 논산시 연산면 선비로 496,36.230978,127.18731
한일산업(주)세종공장,충청남도 공주시 차령로 2003(송선동),36.49192,127.16106
대천레미콘 주식회사,충청남도 보령시 청소면 충청수영로 283,36.431924,126.562058
(주)대성,충청남도 금산군 진산면 실학로 463,36.199649,127.358545
성진산업(주),충청남도 아산시 음봉면 연암율금로 614-13,36.883875,127.085979
한라엔컴(ENCOM)(주) 송악사업소,충청남도 당진시 송악읍 고대공단2길 385,36.97178,126.776284
조양레미콘,충청남도 홍성군 금마면 금마로 259,36.604238,126.728653
(주)대영레미콘,충청남도 금산군 추부면 서대산로 493-49,36.227313,127.496366
한동산업 주식회사,충청남도 서산시 대산읍 망일산로 64,36.928977,126.448592
(주)한준레미콘,충청남도 부여군 초촌면 응신길 260,36.284082,126.999715
부여레미콘(주),충청남도 부여군 규암면 충절로2599번길 15,36.296996,126.86756
배방레미콘 주식회사,충청남도 아산시 배방읍 고불로365번길 13,36.732142,127.048123
(주)태명실업,충청남도 천안시 동남구 동면 화복로 586-24,36.758947,127.405758
대진레미콘(주),충청남도 서천군 종천면 충서로 283,36.09924,126.655247
유강씨앤디 주식회사,충청남도 공주시 정안면 장원장자울길 11-16,36.571605,127.11723
대동산업주식회사,충청북도 영동군 황간면 영동황간로 998,36.193375,127.861639
흥진산업(주),충청북도 진천군 진천읍 상신2길 151(흥진산업(주)),36.866851,127.464918
(주)보강레미콘,충청북도 진천군 초평면 초평로 1482(동성레미콘),36.79861,127.540606
주식회사 대아레미콘,충청북도 진천군 문백면 송강로 180,36.772584,127.41409
정도산업(주),충청북도 음성군 생극면 오신로 22,37.003976,127.653594
주식회사 백두레미콘,충청북도 충주시 동량면 수회길 110,37.043057,127.949928
주식회사 성안,충청북도 음성군 덕금로 809,36.959592,127.580379
태창산업(주),충청북도 음성군 감곡면 영산로 462-1,37.096771,127.641817
중앙레미콘(주),충청북도 음성군 덕금로 1042,36.97734,127.591156
금성개발(주),충청북도 진천군 문백면 문진로 586,36.792165,127.436699
대한레미콘(주),충청북도 영동군 용산면 남부로 1332,36.277782,127.821503
(주)석진알앤에이,충청북도 음성군 음성읍 새말길 7-7,36.929096,127.721061
중앙레미콘(주),충청북도 보은군 장안면 매화구인로 315,36.467066,127.764701
주식회사 동원레미콘에이치,충청북도 청주시 서원구 남이면 시목외천로 465,36.528723,127.410121
㈜서일기업,충청북도 청주시 서원구 남이면 저산척북로 528,36.565552,127.412453
㈜서강레미콘,충청북도 진천군 이월면 월촌1안길 74-14,36.913068,127.477666
(주)충주레미콘,충청북도 충주시 대소원면 중원대로 4052,36.965454,127.85641
진성레미컨 주식회사,충청북도 청주시 청원구 내수읍 원내길 51,36.715869,127.521998
중앙개발산업(주),충청북도 보은군 장안면 매화구인로 307,36.467316,127.76334
중앙레미콘(주),충청북도 청주시 상당구 문의면 미천고은로 269-23,36.546722,127.498307
"(주)대광레미콘,아스콘",충청북도 음성군 금왕읍 초금로 457-31,36.960647,127.540133
(주)청주금성,충청북도 청주시 청원구 북이면 대율내추길 112,36.74881,127.529386
(주)하나레미콘,충청북도 충주시 산척면 수회길 343,37.057916,127.965538
대형산업(주),충청북도 진천군 문백면 문진로 258-10,36.767196,127.448282
동양레미콘(주),충청북도 청주시 흥덕구 옥산면 국사오산로 344,36.680372,127.340348
주식회사 효신레미콘,충청북도 단양군 매포읍 단양산업단지1로 178,37.012951,128.310647
한라엔컴(ENCOM)(주)음성사업소,충청북도 음성군 대소면 대동로 742,36.959147,127.50208
동진레미콘(주),충청북도 제천시 송학주천로 106 (고암동),37.174766,128.235707
(주)한일레미콘,충청북도 제천시 봉양읍 국사봉로 56,37.129353,128.102303
옥산레미콘(주),충청북도 청주시 흥덕구  옥산면 국사오산로 589-20,36.676123,127.364956
대덕레미콘(주),충청북도 영동군 심천면 금강로 3026(경용레미콘) 대덕레미콘,36.201929,127.717624
우리도시산업(주),충청북도 청주시 서원구 남이면 저산척북로 576-24,36.566635,127.417647
(주)삼덕레미콘,충청북도 단양군 매포읍 응실길 29(삼덕레미콘),37.004647,128.320368
주식회사 세종레미콘,충청북도 충주시 주덕읍 솔고개로 456,37.007948,127.771972
성원레미콘(주),충청북도 청주시 청원구 북이면 대율내추길 289-21,36.755031,127.541829
(주)한국레미콘,충북 제천시 원강저로 18(강제동),37.118272,128.224598
한일산업(주)진천공장,충청북도 진천군 이월면 이덕로 384,36.926678,127.46975
금성네트(주),충청북도 청주시 청원구 오창읍 성산2길 36,36.742726,127.422506
풍남레미콘(주),충청북도 증평군 도안면 도당리 778-1,36.807859,127.622682
(주)우덕레미콘,충청북도 단양군 가곡면 사평리 619-2,37.013841,128.384279
태화레미콘 주식회사,충청북도 청주시 흥덕구 옥산면 환희길 231-25,36.671817,127.34107
대원레미콘 주식회사,충청북도 청주시 흥덕구 강내면 부용남이길 231-29,36.576329,127.381262
(주)일양,충청북도 영동군 심천면 난계로 231-105,36.216899,127.69432
정안레미콘(주),충청북도 진천군 덕산읍 이덕로 708,36.908847,127.492276
중앙레미콘(주),충청북도 제천시 금성면 청풍호로19길 161,37.089109,128.206294
금강레미콘(자),충청북도 제천시 송학면 송학주천로2길 5,37.177932,128.239318
중앙레미콘(주),충청북도 충주시 하풍1길 36,36.93979,127.904295
그린레미콘(주),충청북도 제천시 송학면 송학로14길 37,37.180043,128.290258
㈜삼성레미콘,충청북도 음성군 삼성면 청룡로 234,37.011001,127.457223
성원레미콘(합),충청북도 제천시 송학면 송학로 119,37.178932,128.256983
(주)동원,충청북도 옥천군 군북면 옥천로 1096,36.331385,127.53225
(주)한덕,충청북도 청주시 청원구 오창읍 두릉유리로 63,36.740393,127.348402
충청산업주식회사,충청북도 충주시 앙성면 가곡로 1831,37.08094,127.833605
중앙산업(주)보은지점,충청북도 보은군 내북면 회인내북로 921,36.569442,127.649904
성원콘크리트(주),충청북도 단양군 적성면 금수산로 227,37.001897,128.29076
㈜괴산레미콘,충청북도 괴산군 문광면 괴산로 3352-19,36.78614,127.773947
(주)대영레미콘,충청북도 옥천군 군서면 성왕로 350,36.262948,127.523085
한라엔컴(ENCOM)(주)충주사업소,충청북도 충주시 주덕읍 충청대로 2308,36.961787,127.777167
부영산업(주),충청북도 진천군 광혜원면 실원리 330-9,37.004141,127.434031
(주)공단레미콘아스콘,충청북도 청주시 흥덕구 강내면 저산태성로 166,36.570662,127.35382
(주)대흥레미콘,충청북도 충주시 중앙탑면 감노로 2230,37.033224,127.838827
보은레미콘(주),충청북도 보은군 보은읍 남부로 4351-16,36.469482,127.724232
대신레미콘(주),충청북도 단양군 매포읍 영천3길 128,37.061029,128.311729
동일산업(주),충청북도 제천시 봉양읍 명암로 2,37.150934,128.125606
정안산업 주식회사,충청북도 충주시 주덕읍 당우리길 319,37.012198,127.76189
㈜창조레미콘,충북 음성군 감곡면 오향리 147-14,37.093049,127.647205
한일시멘트(주)청주공장,충청북도 청주시 흥덕구 직지대로307번길 3(향정동),36.646404,127.426701
중앙레미콘(주),충청북도 괴산군 감물면 감물로 309,36.852717,127.876159
(주) 동원레미콘 청주,충청북도 청주시 흥덕구 강내면 부용남이길 181,36.573162,127.380623
주식회사 산하레미콘,충청북도 청주시 흥덕구 강내면 저산태성로 236,36.575884,127.35407
옥천레미콘(주),충청북도 옥천군 옥천읍 삼청2길 76,36.279308,127.57758
(주)동원레미콘,충청북도 옥천군 군북면 옥천로 1106,36.330357,127.533528
